Wijk2025;wijknaam2025
001400;Centrum
001401;Oud-Zuid
001402;Oud-West
001403;Oud-Noord
001404;Oud-Oost
001405;Zuidoost
001406;Midden-Zuid
001407;Zuidwest
001408;Hoogkerk e.o.
001409;Nieuw-West
001410;Nieuw-Noord
001411;Noordoost
001412;Nieuw-Oost
001413;Meerdorpen
001414;Meerstad e.o.
001415;Ten Boer e.o.
001416;Ten Post e.o.
001417;Haren-West e.o.
001418;Haren-Oost e.o.
001419;Glimmen-Onnen-Noordlaren
003401;Centrum Almere Haven
003402;De Werven
003403;De Hoven
003404;De Meenten
003405;De Grienden
003406;De Marken
003407;De Gouwen
003408;De Wierden
003409;De Velden
003410;Overgooi
003411;De Laren
003414;De Steiger
003415;Stichtsekant
003416;Overig Almere Haven
003417;Centrum Almere Stad
003418;Filmwijk
003419;Danswijk
003420;Parkwijk
003421;Verzetswijk
003422;Waterwijk
003423;Tussen de Vaarten Noord
003424;Tussen de Vaarten Zuid
003425;Staatsliedenwijk
003426;Kruidenwijk
003427;Stedenwijk
003428;Muziekwijk Noord
003429;Muziekwijk Zuid
003430;Literatuurwijk
003431;Noorderplassen
003432;Hortus
003434;Randstad
003435;Markerkant
003436;Hollandsekant
003437;Gooisekant
003438;Veluwsekant
003439;Sallandsekant
003440;Overig Almere Stad
003441;Centrum Almere Buiten
003442;Oostvaardersbuurt
003443;Seizoenenbuurt
003444;Molenbuurt
003445;Bouwmeesterbuurt
003446;Landgoederenbuurt
003447;Faunabuurt
003448;Bloemenbuurt
003449;Regenboogbuurt
003450;Indischebuurt
003451;Eilandenbuurt
003452;Stripheldenbuurt
003453;Sieradenbuurt
003456;Poldervlak
003457;De Vaart
003458;Buitenvaart
003459;Overig Almere Buiten
003460;Europakwartier Oost
003461;Europakwartier West
003462;Columbuskwartier
003463;Homeruskwartier
003464;Olympiakwartier Oost
003465;Olympiakwartier West
003466;Duin
003471;Hogekant
003472;Middenkant
003473;Lagekant
003474;Overig Almere Poort
003475;Vogelhorst
003476;Nobelhorst
003477;Oosterwold
003479;Twentsekant
003485;Overig Almere Hout
003496;Overig Almere Pampus
003499;Groot water
003701;Stadskanaal
003702;Musselkanaal
003703;Onstwedde
003704;Mussel
003705;Alteveer
004700;Wijk 00 Veendam-kern
004701;Wijk 01 Veendam-buitengebied
004702;Wijk 02 Wildervank
005000;Wijk 00
005099;Groot water
005900;Wijk 00 Noord
005901;Wijk 01 Centrum
005902;Wijk 02 Zuid
006000;Wijk 00
006099;Groot water
007200;Wijk 00 Harlingen
007201;Wijk 01 Midlum
007202;Wijk 02 Wijnaldum
007299;Groot water
007401;Wijk 01 Heerenveen
007402;Wijk 02 Noord-Heerenveen
007403;Wijk 03 Hoornsterzwaag
007404;Wijk 04 Jubbega
007406;Wijk 06 Oranjewoud
007407;Skarsterlân
007409;Boarnsterhim
008010;Binnenstad
008011;Potmargezone
008020;Oud-Oost
008030;Sonnenborgh e.o.
008031;Westeinde e.o.
008032;Vossepark & Helicon
008040;Huizum-West
008041;Nijlân & De Zwette
008050;Heechterp & Schieringen
008051;Camminghaburen e.o.
008060;Bilgaard & Havankpark e.o.
008061;Vrijheidswijk
008062;Dokkumer Ie e.o.
008063;Stiens e.o.
008070;Aldlân & De Hemrik
008071;Goutum
008072;Hempens/Teerns & Zuiderburen
008073;De Zuidlanden
008074;Middelsee
008080;Dorpen Zuid-Oost
008081;Dorpen Zuid-West
008082;Grou e.o.
008501;Appelscha
008502;Donkerbroek
008503;Elsloo
008504;Fochteloo
008505;Haule
008506;Haulerwijk
008507;Langedijke
008508;Makkinga
008509;Nijeberkoop
008510;Oldeberkoop
008511;Oosterwolde
008512;Ravenswoud
008513;Waskemeer
008601;Bakkeveen
008602;Beetsterzwaag
008604;Frieschepalen
008605;Gorredijk
008606;Hemrik
008607;Jonkerslân
008608;Langezwaag
008609;Lippenhuizen
008610;Luxwoude
008611;Nij Beets
008613;Siegerswoude
008614;Terwispel
008615;Tijnje
008616;Ureterp
008617;Wijnjewoude
008800;Wijk 00
008899;Groot water
009001;Centrum
009002;De Wiken
009003;De Singels
009004;De Drait
009005;Drachtstervaart
009006;De Venen
009007;De Folgeren
009008;De Swetten
009009;De Bouwen
009010;Noord-Oost
009011;De Haven
009012;Drachten Oost
009013;De Trisken
009021;Buitengebied Noord
009022;Buitengebied West
009023;Buitengebied Oost
009300;Wijk 00 West-Terschelling
009301;Wijk 01 Midsland
009302;Wijk 02 Formerum
009303;Wijk 03 Lies
009304;Wijk 04 Hoorn
009305;Wijk 05 Oosterend
009399;Groot water
009600;Wijk 00
009699;Groot water
009800;Wolvega
009801;De Wolden-Ter Idzard
009802;De Lamers
009803;Lange-Nije-Munk
009804;Scherpenzeel-Spanga
009805;Oldetrijne-Sonnega
009806;Blesdijke
009807;De Blesse-Peperga
009808;Steggerda
009809;De Hoeve-Vinkega
009810;Noordwolde
009811;Oosterstreek
009812;Zandhuizen
009813;Boijl
009814;Nijeholtpade
009815;Oldeholtpade
010600;Centrum
010601;Lariks
010602;Noorderpark
010603;Assen-Oost
010604;Pittelo
010605;Assen-West
010606;Peelo
010607;Marsdijk
010608;Kloosterveen
010699;Buitengebied
010910;Wijk 10 Coevorden
010911;Wijk 11 Steenwijksmoer
010912;Wijk 12 Nieuwe Krim
010913;Wijk 13 Weijerswold
010914;Wijk 14 Vlieghuis en Padhuis
010920;Wijk 20 Dalen
010930;Wijk 30 Oosterhesselen
010940;Wijk 40 Sleen
010950;Wijk 50 Zweeloo
011401;Wijk 01 Nieuw-Weerdinge
011402;Wijk 02 Roswinkel
011403;Wijk 03 Emmer-Compascuum
011404;Wijk 04 Barger-Compascuum
011405;Wijk 05 Nieuw-Dordrecht
011406;Wijk 06 Nieuw-Amsterdam
011407;Wijk 07 Erica
011408;Wijk 08 Klazienaveen
011409;Wijk 09 Zwartemeer
011410;Wijk 10 Schoonebeek
011413;Wijk 13 Veenoord
011421;Wijk 21 Nieuw-Schoonebeek
011432;Wijk 32 Weiteveen
011440;Wijk 40 Emmen-Centrum
011441;Wijk 41 Emmen-Centrum Oost
011442;Wijk 42 Emmermeer
011443;Wijk 43 Angelslo
011444;Wijk 44 Emmerhout
011445;Wijk 45 Emmerschans
011446;Wijk 46 Bargeres
011447;Wijk 47 Rietlanden
011448;Wijk 48 Parc Sandur
011449;Wijk 49 Delftlanden
011450;Wijk 50 Barger-Oosterveld
011451;Wijk 51 Kern Emmen Noord
011452;Wijk 52 Kern Emmen Zuid
011453;Wijk 53 Kern Emmen Industrieterreinen
011850;Wijk 50 Hoogeveen
011851;Wijk 51 De Weide
011852;Wijk 52 Fluitenberg
011853;Wijk 53 Elim
011854;Wijk 54 Hollandscheveld
011855;Wijk 55 Noordscheschut
011856;Wijk 56 Nieuwlande
011857;Wijk 57 Nieuweroord
011858;Wijk 58 Tiendeveen
011859;Wijk 59 Stuifzand
011860;Wijk 60 Pesse
011861;Wijk 61 Zuideropgaande Nieuw Moscou
011862;Wijk 62 Industrie- en verspreide gebieden
011900;Centrum
011901;Watertoren
011902;Haveltermade
011903;Koedijkslanden
011904;Berggierslanden
011905;Ezinge
011906;Oosterboer
011907;Nieuwveenselanden
011908;Blankenstein
011909;Industrieterrein Noord
011910;Industrie Oevers
011911;Verspreid gebied Meppel
011912;Nijeveen
011913;Rogat
014110;Binnenstad
014111;De Riet
014112;Noorderkwartier
014113;Sluitersveld
014114;Wierdense Hoek
014115;Nieuwstraat-Kwartier
014116;Ossenkoppelerhoek
014117;Hofkamp
014118;Schelfhorst
014119;Windmolenbroek
014120;Aadorp
014121;Bornerbroek
014700;Wijk 00 Borne
014701;Wijk 01 Buitengebied Borne
014801;Dalfsen
014802;Nieuwleusen
014803;Lemelerveld
015001;Binnenstad
015002;De Hoven
015003;Zandweerd
015004;Voorstad
015005;Borgele en Platvoet
015006;Keizerslanden
015007;Rivierenwijk en Bergweide
015008;Colmschate-Noord
015009;Colmschate-Vijfhoek
015010;Colmschate-Zuid
015011;Diepenveen
015012;Schalkhaar
015013;Okkenbroek
015014;Lettele
015015;Bathmen
015300;Wijk 00 Binnensingelgebied
015301;Wijk 01 Hogeland - Velve
015302;Wijk 02 Boswinkel - Stadsveld
015303;Wijk 03 Twekkelerveld - T.H.T.
015304;Wijk 04 Enschede-Noord
015305;Wijk 05 Ribbelt - Stokhorst
015306;Wijk 06 Enschede-Zuid
015307;Wijk 07 Bedrijfsterreinen Enschede-West
015308;Wijk 08 Glanerbrug en omgeving
015309;Wijk 09 Landelijk gebied en kernen
015800;Wijk 00 Haaksbergen (dorp)
015801;Wijk 01 Haaksbergen (buitengebied)
015802;Wijk 02 Sint Isidorushoeve
015803;Wijk 03 Buurse
015804;Wijk 04 Rietmolen
015805;Wijk 05 Hengevelde
015806;Wijk 06 Beckum
015809;Wijk 09 Haaksbergen-kern
016001;Ane
016002;Anerveen
016003;Anevelde
016004;Balkbrug
016005;Bergentheim
016006;Brucht
016007;Collendoorn
016008;De Krim
016009;Dedemsvaart
016010;Den Velde
016011;Diffelen
016012;Gramsbergen
016013;Heemserveen
016014;Holtheme
016015;Holthone
016016;Hoogenweg
016017;Kloosterhaar
016018;Loozen
016019;Lutten
016020;Marienberg
016021;Radewijk
016022;Rheeze
016023;Rheezerveen
016024;Schuinesloot
016025;Sibculo
016026;Slagharen
016027;Venebrugge
016028;Hardenberg
016029;Bruchterveld
016301;Wijk 01 Hellendoorn
016302;Wijk 02 Nijverdal Noord
016303;Wijk 03 Nijverdal West
016304;Wijk 04 Nijverdal Oost
016305;Wijk 05 Buitengebied
016306;Wijk 06 Kruidenwijk
016307;Wijk 07 Haarle
016308;Wijk 08 Daarle
016309;Wijk 09 Daarlerveen
016400;Binnenstad
016401;Hengelose Es
016402;Noord
016403;Hasseler Es
016404;Groot Driene
016405;Berflo Es
016406;Wilderinkshoek
016407;Woolde
016408;Slangenbeek
016409;Buitengebied
016600;Kampen
016602;Reeve
016603;IJsselmuiden
016604;Zalk
016605;Wilsum
016606;Grafhorst
016607;Kamperveen
016608;'s-Heerenbroek
016609;Mastenbroek
016699;Groot water
016800;Wijk 00 Losser
016801;Wijk 01 Glane
016802;Wijk 02 Overdinkel
016803;Wijk 03 De Lutte
016804;Wijk 04 Beuningen
017101;Wijk 01 Emmeloord
017102;Wijk 02 Bant
017103;Wijk 03 Luttelgeest
017104;Wijk 04 Marknesse
017105;Wijk 05 Kraggenburg
017106;Wijk 06 Ens
017107;Wijk 07 Nagele
017108;Wijk 08 Tollebeek
017109;Wijk 09 Espel
017110;Wijk 10 Creil
017111;Wijk 11 Rutten
017112;Wijk 12 Schokland
017199;Groot water
017301;Wijk 01 Binnenstad
017302;Wijk 02 Het Inslag-De Kleies
017303;Wijk 03 Glinde-Hooiland
017304;Wijk 04 De Meijbree
017305;Wijk 05 Haerbroek-Scholtenhoek
017306;Wijk 06 Zuid-Berghuizen
017307;Wijk 07 Hanzepoort
017308;Wijk 08 Eekte-Hazewinkel
017309;Wijk 09 Jufferbeek
017310;Wijk 10 Het Hulsbeek
017311;Wijk 11 De Thij
017312;Wijk 12 De Graven Es
017313;Wijk 13 De Essen
017314;Wijk 14 Bekspring
017501;Ommen
017502;Arrien
017503;Beerze
017504;Beerzerveld
017505;Dalmsholte
017506;Giethmen
017507;Lemele
017508;Stegeren
017509;Vilsteren
017510;Vinkenbuurt
017511;Witharen
017701;Raalte
017702;Luttenberg
017703;Mariënheem
017704;Nieuw Heeten
017705;Heeten
017706;Broekland
017707;Heino
017708;Lierderholthuis
017709;Laag Zuthem
018000;Staphorst (kern)
018001;Rouveen (kern)
018002;Rouveen (buitengebied)
018003;Staphorst (buitengebied)
018004;IJhorst
018005;Punthorst
018300;Wijk 00 Tubbergen
018301;Wijk 01 Albergen
018302;Wijk 02 Harbrinkhoek
018303;Wijk 03 Geesteren
018304;Wijk 04 Langeveen
018305;Wijk 05 Vasse
018306;Wijk 06 Reutum
018307;Wijk 07 Fleringen
018308;Wijk Mariaparochie
018309;Wijk Manderveen
018310;Wijk Mander
018311;Wijk Hezingen
018312;Wijk Haarle
018400;Wijk 00 Urk
018499;Groot water
018900;Wijk 00 Wierden (kern)
018901;Wijk 01 Landelijk gebied Wierden
018902;Wijk 02 Hooge-Hexel
018903;Wijk 03 Enter (kern)
018904;Wijk 04 Landelijk gebied Enter
018905;Wijk 05 Rectum - Notter - Zuna
019310;Wijk 10 Binnenstad
019311;Wijk 11 Diezerpoort
019312;Wijk 12 Wipstrik
019313;Wijk 13 Assendorp
019314;Wijk 14 Kamperpoort-Veerallee
019320;Wijk 20 Poort van Zwolle
019321;Wijk 21 Westenholte
019322;Wijk 22 Stadshagen
019330;Wijk 30 Holtenbroek
019331;Wijk 31 Aa-landen
019332;Wijk 32 Vechtlanden
019340;Wijk 40 Berkum
019341;Wijk 41 Marsweteringlanden
019350;Wijk 50 Schelle
019351;Wijk 51 Ittersum
019352;Wijk 52 Soestweteringlanden
019701;Wijk 01 Buitengebied Aalten
019702;Wijk 02 Bredevoort
019703;Wijk 03 Aalten Kern
019704;Wijk 04 Dinxperlo
020001;Centrum
020002;West
020003;Zuidwest
020004;Zuid
020005;Zuidoost
020006;Oost
020007;Noordoost
020008;Noord
020010;Uddel en omgeving
020011;Hoog Soeren en Radio Kootwijk
020012;Hoenderloo en omgeving
020013;Loenen en omgeving
020014;Beekbergen en omgeving
020015;Lieren en omgeving
020016;Klarenbeek en omgeving
020017;Wenum Wiesel Beemte
020201;Centrum
020202;Spijkerkwartier
020203;Arnhemse Broek
020204;Presikhaaf-West
020205;Presikhaaf-Oost
020206;St. Marten/Sonsbeek
020207;Klarendal
020208;Velperweg e.o.
020209;Alteveer/Cranevelt
020210;Geitenkamp
020211;Monnikenhuizen
020212;Burgemeesterswijk/Hoogkamp
020213;Schaarsbergen
020214;Heijenoord/Lombok
020215;Klingelbeek e.o.
020216;Malburgen-West
020217;Malburgen-Oost (Noord)
020218;Malburgen-Oost (Zuid)
020219;Vredenburg/Kronenburg
020220;Elden
020221;Elderveld
020222;De Laar
020223;Rijkerswoerd
020224;Schuytgraaf
020354;Wijk 54 Barneveld
020355;Wijk 55 Voorthuizen
020356;Wijk 56 Kootwijkerbroek
020357;Wijk 57 Garderen
020358;Wijk 58 Terschuur
020359;Wijk 59 Stroe
020360;Wijk 60 Zwartebroek
020361;Wijk 61 De Glind
020362;Wijk 62 Kootwijk
020363;Wijk 63 Achterveld
020901;Beuningen
020902;Ewijk
020903;Weurt
020904;Winssen
021301;Empe
021302;Tonden
021303;Brummen
021304;Leuvenheim
021305;Hall
021306;Eerbeek
021400;Wijk 00 Buren
021401;Wijk 01 Beusichem
021402;Wijk 02 Zoelen
021403;Wijk 03 Lienden
021404;Wijk 04 Ingen
021405;Wijk 05 Maurik
021406;Wijk 06 Ravenswaaij
021600;Culemborg Oost
021601;Culemborg West
022101;Wijk 01
022201;Centrum
022202;Overstegen
022203;Schoneveld
022204;Oosseld / Vijverberg
022205;Verheulsweide (bedrijventerrein)
022206;De Huet
022207;Dichteren / De Hoop / Wijnbergen
022208;Keppelseweg (bedrijventerrein)
022209;Bezelhorst / De Kruisberg / Ijkenberg
022211;Gaanderen
022231;Wehl / Nieuw Wehl
022500;Druten Buitengebied
022501;Druten
022502;Druten Zuid
022503;Deest
022504;Afferden
022505;Puiflijk
022506;Horssen
022601;Wijk 01 Bedrijventerrein
022602;Wijk 02 Buitengebied
022603;Wijk 03 Duiven-Noord
022604;Wijk 04 Duiven-Zuid
022605;Wijk 05 Groessen
022606;Wijk 06 Loo
022801;Ede-Oost
022802;Ede-West
022803;Ede-Veldhuizen
022804;Kernhem
022805;Veluwse Poort
022810;Ede-Zuid
022811;Maandereng
022812;Rietkampen
022813;Bedrijventerrein
022820;Buitengebied Ede-Stad
022830;Bennekom
022840;Lunteren
022850;Ederveen
022860;De Klomp
022870;Harskamp
022880;Wekerom
022890;Otterlo
023001;Wijk 01 Elburg
023002;Wijk 02 't Harde
023003;Wijk 03 Doornspijk
023099;Groot water
023200;Wijk 00 Epe
023201;Wijk 01 Emst
023202;Wijk 02 Vaassen
023203;Wijk 03 Oene
023300;Schil rondom het centrum
023301;Centrum Ermelo
023302;Tonsel en Veldzicht
023303;Buitengebied west
023304;Buitengebied midden
023305;Buitengebied oost
023399;Groot water
024301;Binnenstad
024302;Waterfront
024303;Zeebuurt
024304;Friesegracht
024305;Stadsdennen
024306;De Sypel
024307;Stationsomgeving
024308;Stadsweiden
024309;Slingerbos
024310;Tweelingstad
024311;Frankrijk
024312;Drielanden
024313;Industrieterrein Lorentz
024314;Buitengebied Harderwijk
024315;Hierden
024399;Groot water
024400;Wijk 00 Hattem
024401;Wijk 01 Polder Hattem en Molecaten
024600;Wijk 00 Heerde
024601;Wijk 01 Wapenveld
025200;Wijk 00 Heumen
025201;Wijk 01 Overasselt
026200;Wijk 00 Lochem kern
026201;Wijk 01 Lochem buitengebied
026202;Wijk 02 Laren
026203;Wijk 03 Barchem
026204;Wijk 04 Gorssel
026205;Wijk 01 Almen-Harfsen
026300;Wijk 00 Kerkdriel
026301;Wijk 01 Ammerzoden
026302;Wijk 02 Hedel
026303;Wijk 03 Heerewaarden
026304;Wijk 04 Rossum
026701;Nijkerk-stad
026702;Appel, Driedorp, Kruishaar, Prinsenkamp en Slichtenhorst
026703;Nijkerkerveen en Holkerveen
026704;Arkemheen, Achterhoek, De Veenhuis
026705;Hoevelaken
026799;Groot water
026801;Nijmegen-Centrum
026802;Nijmegen-Oost
026803;Nijmegen-Oud-West
026804;Nijmegen-Nieuw-West
026805;Nijmegen-Midden
026806;Nijmegen-Zuid
026807;Dukenburg
026808;Lindenholt
026809;Nijmegen-Noord
026900;Wijk 00 Oldebroek
026901;Wijk 01 Wezep
026902;Wijk 02 Oosterwolde
026999;Groot water
027300;Wijk 00 Putten
027301;Wijk 01 Bosgebied en Krachtighuizen
027399;Groot water
027401;Renkum Zuid
027402;Renkum Noord
027403;Heelsum ten westen van de rijksweg
027404;Heelsum ten oosten van de rijksweg
027405;Wolfheze ten zuiden van het spoor
027406;Wolfheze ten noorden van het spoor
027407;Buitengebied Doorwerth
027408;Bebouwde kom Doorwerth
027409;Heveadorp
027410;Oosterbeek West
027411;Oosterbeek Zuidoost
027412;Oosterbeek Noordoost
027500;Wijk 00 Dieren
027501;Wijk 01 Rheden
027502;Wijk 02 Velp
027700;Wijk 00
027900;Wijk 00
028100;Tiel kern
028101;Tiel-Noord
028102;Wadenoijen en Kapel Avezaath
028103;Tiel-Zuid
028501;Nijbroek
028502;Terwolde
028503;De Vecht
028504;Teuge
028505;Twello
028506;Steenenkamer
028507;Wilp-Achterhoek
028508;Posterenk
028509;Wilp
028510;Klarenbeek
028511;Bussloo
028512;Voorst
028901;Noordwest
028902;Wageningen Universiteit
028903;De Weiden en Boomgaarden
028904;De Horsten
028905;Kortenoord
028906;De Buurt
028907;Boven- en Benedenbuurt
028908;Nude
028909;Centrum
028910;Veluvia-Hamelakkers
028911;Wageningen-Hoog
028912;Buitengebied
029300;Wijk 00
029400;Wijk 00 Stad
029401;Wijk 01 Land
029600;Wijk 00 Wijchen buitengebied
029601;Wijk 01 Wijchen kern
029602;Wijk 02 Balgoij
029603;Wijk 03 Batenburg
029604;Wijk 04 Bergharen
029605;Wijk 05 Hernen
029606;Wijk 06 Leur
029607;Wijk 07 Niftrik
029608;Wijk 08 Alverna
029700;Wijk 00 Zaltbommel
029701;Wijk 01 Brakel
029702;Wijk 02 Kerkwijk
029703;Wijk 03 Nederhemert
029900;Zevenaar
029901;Babberich
029902;Angerlo
029903;Giesbeek
029904;Lathum
029905;Rijnstrangen
029906;Pannerden
029907;Aerdt
029908;Herwen
029909;Lobith
029910;Tolkamer
029911;Spijk
030100;Wijk 00 Centrum - De Hoven
030101;Wijk 01 Waterkwartier
030102;Wijk 02 Noordveen
030103;Wijk 03 Zuidwijken
030104;Wijk 04 Leesten
030105;Wijk 05 Warnsveld
030200;Wijk 00 Nunspeet
030201;Wijk 01 Elspeet-Vierhouten
030299;Groot water
030301;Wijk 01 Dronten west
030302;Wijk 02 Dronten Noord
030303;Wijk 03 Dronten Midden
030304;Wijk 04 Dronten Zuid
030305;Wijk 05 Buitengebied Dronten
030306;Wijk 06 Biddinghuizen
030307;Wijk 07 Swifterbant
030399;Groot water
030701;Stadskern
030702;Nederberg
030703;Soesterkwartier
030704;Eemkwartier
030705;Isselt
030706;De Koppel
030707;Kruiskamp
030708;Schothorst-Zuid
030709;Schothorst-Noord
030710;Liendert
030711;Rustenburg
030712;Buitengebied-Oost
030713;Schuilenburg
030714;Randenbroek
030715;Vermeerkwartier
030716;Leusderkwartier
030717;De Berg-Zuid
030718;De Berg-Noord
030719;Hoogland
030720;Zielhorst
030721;Kattenbroek
030722;Calveen
030724;Nieuwland
030725;De Hoef
030726;Hooglanderveen
030727;Hoogland-West
030728;Vathorst-De Velden
030729;Vathorst-Centrum
030730;Vathorst-De Bron
030731;Vathorst-De Laak
030732;Vathorst-Bovenduist
030733;Bedrijventerrein Vathorst
030734;Bosgebied
030800;Wijk 00 Baarn
030801;Wijk 01 Baarn-Noord, Eemdal en Eemland
030802;Wijk 02 P.H.W.park
030804;Wijk 04 Buitengebied
030805;Wijk 05 Lage Vuursche
031001;Westbroek
031002;Hollandsche Rading
031003;Maartensdijk
031004;Groenekan
031005;De Leijen
031006;Bilthoven Noord
031007;Bilthoven Zuid Oost
031008;Bilthoven Zuid West
031009;De Bilt West
031010;De Bilt Oost
031200;Wijk 00 Bunnik
031201;Wijk 01 Odijk
031202;Wijk 02 Werkhoven
031300;Wijk 00
031399;Groot water
031702;Eemnes
031799;Groot water
032110;Houten Noord-West
032111;Houten Noord-Oost
032112;Houten Zuid-West
032113;Houten Zuid-Oost
032120;Houten Buitengebied
032130;'t Goy
032131;'t Goy Buitengebied
032140;Tull en 't Waal
032141;Tull en 't Waal Buitengebied
032150;Schalkwijk
032151;Schalkwijk Buitengebied
032700;Wijk 00 Leusden-Centrum Oost
032701;Wijk 01 Leusden-Centrum West
032702;Wijk 02 Leusden-Zuid
032703;Wijk 03 Achterveld
032704;Wijk 04 Stoutenburg
032705;Wijk 05 't Ruige Veld
033100;Wijk 00 Lopik, Benschop en Polsbroek
033500;Wijk 00
033501;Wijk 01 Linschoten
033502;Wijk 02 Willeskop
033900;Wijk 00
034000;Wijk 00 Rhenen
034001;Wijk 01 Rhenen Oost
034002;Wijk 02 Rhenen West
034003;Wijk 03 Rhenen Noord
034004;Wijk 04 Grebbeberg
034005;Wijk 05 Randzone
034006;Wijk 06 Binnenveld
034007;Wijk 07 Achterberg
034008;Wijk 08 Uiterwaarden Rhenen
034009;Wijk 09 Remmerden
034010;Wijk 10 Heuvelrug Rhenen
034011;Wijk 11 Heuvelrug Elst
034012;Wijk 12 Uiterwaarden Elst
034013;Wijk 13 Elst
034201;Wijk 01 't Hart-Soestdijk
034202;Wijk 02 Klaarwater
034203;Wijk 03 Boerenstreek
034204;Wijk 04 de Eng-Soest-Midden
034205;Wijk 05 Smitsveen
034206;Wijk 06 Overhees
034207;Wijk 07 Soest-Zuid
034208;Wijk 08 Soesterberg
034401;Wijk 01 West
034402;Wijk 02 Noordwest
034403;Wijk 03 Overvecht
034404;Wijk 04 Noordoost
034405;Wijk 05 Oost
034406;Wijk 06 Binnenstad
034407;Wijk 07 Zuid
034408;Wijk 08 Zuidwest
034409;Wijk 09 Leidsche Rijn
034410;Wijk 10 Vleuten-De Meern
034500;Centrum
034501;Noordoost
034502;Zuidoost
034503;Zuidwest
034504;Noordwest
034505;West
035100;Wijk 00 Woudenberg
035200;Wijk 00 Wijk bij Duurstede
035201;Wijk 01 Landelijk gebied
035202;Wijk 02 Cothen
035203;Wijk 03 Langbroek
035300;Wijk 00 IJsselstein
035501;Zeist Centrum
035502;Zeist-Noord
035503;Zeist-West
035504;Zeist-Oost
035505;Den Dolder e.o.
035601;Jutphaas Wijkersloot
035602;Zuilenstein
035603;Batau Zuid
035604;Batau Noord
035605;Doorslag
035606;Huis de Geer
035607;Blokhoeve
035608;Galecop
035610;Fokkesteeg
035611;Hoogzandveld
035612;Lekboulevard
035613;Vreeswijk
035614;Merwestein
035615;Park Oudegein
035616;Zandveld
035618;Het Klooster
035620;Laagraven
035621;Plettenburg
035622;De Wiers
035623;Hoge Landen
035624;Stadscentrum
035625;Rijnhuizen
035800;Wijk 00 Aalsmeer
035801;Wijk 01 Kudelstraat en Kalslagen
035802;Wijk 02 Oosteinde
036101;Zuid
036102;Oudorp
036103;Overdie
036104;West
036105;Huiswaard
036106;De Mare
036107;Daalmeer/Koedijk
036108;Centrum
036109;Schermer
036110;Graft-De Rijp
036111;Vroonermeer
036201;Randwijck
036202;Patrimonium
036203;Elsrijk
036204;Stadshart
036205;Uilenstede, Kronenburg
036206;Bankras, Kostverloren
036207;Buitengebied Noord
036208;Keizer Karelpark
036209;Groenelaan
036210;Waardhuizen, Middenhoven
036211;Bovenkerk - Westwijk Noord
036212;Westwijk Zuid
036213;Buitengebied Zuid
036214;Amsterdamse Bos
036399;Groot water
037301;Wijk 01 Bergen Binnen
037302;Wijk 02 Bergen aan Zee
037303;Wijk 03 Buitengebied Bergen
037304;Wijk 04 Egmond aan Zee
037305;Wijk 05 Egmond-Binnen
037306;Wijk 06 Egmond aan den Hoef
037307;Wijk 07 Schoorl
037399;Groot water
037500;Centrum
037501;Vondelkwartier
037502;Oranjebuurt
037503;Kuenenkwartier
037504;Warande
037505;Noordwestelijk tuinbouwgebied
037506;Oosterwijk en Zwaansmeer
037507;Meerestein
037508;Wijk aan Zee
037509;de Pijp en Wijkerbroek
037510;Broekpolder
037599;Groot water
037601;Blaricum
037699;Groot water
037700;Wijk 00 Bloemendaal
037701;Wijk 01 Overveen
037702;Wijk 02 Aerdenhout
037703;Wijk 03 Vogelenzang
037704;Wijk 04 Bennebroek
037799;Groot water
038300;Wijk 00 Centrum
038301;Wijk 01 Castricum-Noord
038302;Wijk 02 Castricum-Oost
038303;Wijk 03 Castricum-Zuid
038304;Wijk 04 Bakkum
038305;Wijk 05 Akersloot
038306;Wijk 06 De Woude
038307;Wijk 07 Limmen
038399;Groot water
038401;Diemen Noord
038402;Diemen Centrum
038403;Diemen Zuid
038404;Bergwijkpark
038405;Holland Park
038406;Bedrijventerreinen
038407;Plantage de Sniep
038408;Buitengebied
038499;Groot water
038500;Wijk 00 Edam
038501;Wijk 01 Purmer
038502;Wijk 02 Volendam
038503;Wijk 03 Beets
038504;Wijk 04 Oosthuizen
038505;Wijk 05 Warder
038506;Wijk 06 Middelie
038507;Wijk 07 Kwadijk
038508;Wijk 08 Schardam
038509;Wijk 09 Hobrede
038599;Groot water
038800;Centrum en Havens
038801;Enkhuizen Noord
038802;Enkhuizen Buitengebied
038803;Enkhuizen Zuid
038810;Buitengebied IJsselmeer en Markermeer
038899;Groot water
039201;Oude Stad
039202;Haarlemmerhoutkwartier
039203;Zijlwegkwartier
039204;Houtvaartkwartier
039205;Duinwijk
039206;Waarder- en Veerpolder
039207;Amsterdamsewijk
039208;Slachthuiswijk
039209;Parkwijk
039210;Transvaalwijk
039211;Indischewijk
039212;Ter Kleefkwartier
039213;Te Zaanenkwartier
039214;Vogelenwijk
039215;Delftwijk
039216;Vondelkwartier
039217;Spaarndam
039218;Europawijk
039219;Boerhaavewijk
039220;Molenwijk
039221;Meerwijk
039401;Hoofddorp
039402;Nieuw-Vennep
039403;Zwanenburg
039404;Lijnden / Boesingheliede
039405;Badhoevedorp
039406;Aalsmeerderbrug/ Oude Meer/ Rozenburg / Schiphol Rijk
039407;Rijsenhout
039408;Burgerveen / Leimuiderbrug / Weteringbrug
039409;Abbenes / Buitenkaag
039410;Lisserbroek
039411;Beinsdorp
039412;Zwaanshoek
039413;Cruquius
039415;Vijfhuizen
039416;Schiphol
039420;Spaarndam
039421;Haarlemmerliede
039422;Halfweg
039601;Wijk 01 Heemskerk-Dorp
039602;Wijk 02 Commandeurs en Marquette
039603;Wijk 03 Hofland, Oosterwijk en Zuidbroek
039604;Wijk 04 Heemskerkerduin en Noorddorp
039605;Wijk 05 Poelenburg en Oosterzij
039606;Wijk 06 Noordbroek en De Trompet
039607;Wijk 07 Kerkbeek
039608;Wijk 08 Assumburg
039609;Wijk 09 Hoogdorp en Waterakkers
039610;Wijk 10 Broekpolder
039611;Wijk 11 Oostelijk Heemskerk
039699;Groot water
039700;Wijk 00 Heemstede-Centrum
039701;Wijk 01 Heemstede-Zuid
039702;Wijk 02 Heemstede west van de spoorbaan
039901;Wijk 01 Blockhovepark
039902;Wijk 02 Heiloo Noord-West
039903;Wijk 03 Heiloo-Midden
039904;Wijk 04 Heiloo-West
039905;Wijk 05 Stationsomgeving
039906;Wijk 06 Ypestein
039907;Wijk 07 Heiloo-Oost
039908;Wijk 08 Heiloo Zuid-West
040001;Wijk 01 Stad binnen de Linie-Oost
040002;Wijk 02 Stad binnen de Linie-West
040003;Wijk 03 Nieuw Den Helder-West
040004;Wijk 04 Nieuw Den Helder-Oost
040005;Wijk 05 De Schooten
040006;Wijk 06 Het Koegras
040007;Wijk 07 Duinzoom
040008;Wijk 08 Julianadorp
040099;Groot water
040201;Centrum
040202;Noordwest
040203;Zuidwest
040204;Zuid
040205;Zuidoost
040206;Oost
040207;Noordoost
040208;Hilversumse Meent
040209;Landelijk Gebied
040510;Wijk 10 Binnenstad
040511;Wijk 11 Venenlaan-kwartier
040512;Wijk 12 Hoorn-Noord
040513;Wijk 13 Grote Waal
040520;Wijk 20 Risdam-Zuid
040521;Wijk 21 Risdam-Noord
040522;Wijk 22 Nieuwe Steen
040530;Wijk 30 Zwaag
040531;Wijk 31 Blokker
040532;Wijk 32 Kersenboogerd-Noord
040533;Wijk 33 Kersenboogerd-Zuid
040534;Wijk 34 Hoorn 80
040535;Wijk 35 Bangert en Oosterpolder
040536;Wijk 36 Noord
040599;Groot water
040600;Wijk 00 Oude Dorp
040601;Wijk 01 Westereng
040602;Wijk 02 Buitenwijken
040603;Wijk 03 Erica en Tafelberg
040604;Wijk 04 Staatslieden en Componistenbuurt
040605;Wijk 05 Havengebied
040606;Wijk 06 Zenderwijk en Bovenweg
040607;Wijk 07 Stad en Lande
040608;Wijk 08 Huizermaat West en Zuid
040609;Wijk 09 Huizermaat Noord
040610;Wijk 10 Bijvanck
040611;Wijk 11 Bovenmaten
040612;Wijk 12 Hogemaat
040699;Groot water
041501;Purmerland
041502;Den Ilp
041503;Landsmeer
041703;Laren
042001;Medemblik
042002;Opperdoes
042003;Twisk
042004;Lambertschaag
042005;Abbekerk
042006;Sijbekarspel
042007;Benningbroek
042008;Wognum
042009;Zwaagdijk-West
042010;Nibbixwoud
042011;Midwoud
042012;Oostwoud
042013;Hauwert
042014;Zwaagdijk-Oost
042015;Wervershoof
042016;Andijk
042099;Groot water
043100;Wijk 00
043201;Opmeer
043202;Spanbroek
043203;Hoogwoud
043204;Aartswoud
043205;De Weere
043700;Wijk 00
043901;Wijk 01 Centrum
043902;Wijk 02 Overwhere
043903;Wijk 03 Wheermolen
043904;Wijk 04 Gors
043905;Wijk 05 Purmer-Noord
043906;Wijk 06 Purmer-Zuid
043907;Wijk 07 Weidevenne
043908;Beemster
044101;Schagerbrug
044102;Schagen-Zuid
044103;Burgerbrug
044104;Sint Maarten
044105;Warmenhuizen
044106;Tuitjenhorn
044107;Waarland
044108;Dirkshorn
044109;Oudesluis
044110;Schagen-Centrum
044111;Petten
044112;Sint Maartensbrug
044113;'t Zand
044114;Sint Maartensvlotbrug
044115;Callantsoog
044116;Schagen-West
044117;Schagen-Oost
044118;Schagen-Noord
044199;Groot water
044800;Wijk 00 Het Oude Land en duingebied
044801;Wijk 01 Het Nieuwe Land
044899;Groot water
045000;Wijk 00 Uitgeest
045115;Wijk 15 Dorpscentrum
045125;Wijk 25 Thamerdal
045135;Wijk 35 Zijdelwaard
045145;Wijk 45 Legmeer
045150;Wijk 50 Langs de Vuurlinie
045155;Wijk 55 Veilinggebied
045165;Wijk 65 Meerwijk
045175;Wijk 75 Bedrijventerrein
045185;Wijk 85 De Kwakel
045190;Wijk 90 Glastuinbouwgebied
045195;Wijk 95 Veenweidegebied
045300;Wijk 00 Velsen-Zuid en Driehuis
045301;Wijk 01 IJmuiden-Noord
045302;Wijk 02 IJmuiden-Zuid
045303;Wijk 03 IJmuiden-West
045304;Wijk 04 Zee- en Duinwijk
045305;Wijk 05 Velsen-Noord
045306;Wijk 06 Santpoort-Noord
045307;Wijk 07 Santpoort-Zuid
045308;Wijk 08 Velserbroek
045309;Wijk 09 Spaarndammerpolder
045399;Groot water
047301;Zandvoort Noord
047302;Zandvoort Zuid
047303;Bentveld
047304;Buitengebied
047399;Groot water
047911;Zaandam Zuid
047912;Poelenburg
047913;Pelders- en Hoornseveld
047914;Rosmolenwijk
047915;Kogerveldwijk
047916;Zaandam Noord
047921;Oude Haven
047922;Zaandam West
047923;Nieuw West
047931;Oud Koog a/d Zaan
047932;Westerkoog
047941;Oud Zaandijk
047942;Rooswijk
047951;Wormerveer
047961;Krommenie Oost
047962;Krommenie West
047971;Assendelft-Zuid
047972;Assendelft-Noord
047981;Westzaan
048201;Wijk 01 Centrum
048202;Wijk 02 Kinderdijk
048203;Wijk 03 Blokweer
048204;Wijk 04 Souburgh
048205;Wijk 05 Bedrijventerrein
048206;Wijk 06 Landelijk gebied
048401;Oudshoorn
048402;Ridderveld
048403;Zegersloot
048404;Hoorn
048405;Hoge Zijde
048406;Lage Zijde
048407;Steekterpolder
048408;Kerk en Zanen
048409;Rietveld
048431;Benthuizen
048445;Aarlanderveen
048470;Boskoop
048471;Zwammerdam
048491;Hazerswoude-Dorp
048494;Hazerswoude-Rijndijk
048496;Koudekerk aan den Rijn
048901;Wijk 01 Centrum
048902;Wijk 02 Noord
048903;Wijk 03 Binnenland
048904;Wijk 04 Oranjewijk
048905;Wijk 05 Buitenoord
048906;Wijk 06 Ter Leede
048907;Wijk 07 Paddewei
048908;Wijk 08 Molenvliet
048909;Wijk 09 Nieuweland
048910;Wijk 10 Dorpzicht
048911;Wijk 11 Bijdorp
048912;Wijk 12 Smitshoek
048913;Wijk 13 Voordijk
048914;Wijk 14 Meerwede
048915;Wijk 15 Waterkant
048916;Wijk 16 Havenkwartier
048917;Wijk 17 Gaatkensoog
048918;Wijk 18 Riederhoek
048919;Wijk 19 Vrijheidsakker
048920;Wijk 20 Vrijenburg
048930;Wijk 30 Buitengebied Noord
048931;Wijk 31 Buitengebied Zuid
048950;Wijk 50 Bedrijventerreinen
049800;Hoogkarspel
049801;Westwoud
049802;Oosterblokker
049803;Venhuizen
049804;Wijdenes
049805;Schellinkhout
049806;Hem
049807;Oosterleek
049899;Groot water
050201;Capelle West en 's Gravenland
050202;Middelwatering West
050203;Middelwatering Oost
050204;Oostgaarde Zuid
050205;Oostgaarde Noord
050206;Schenkel
050207;Schollevaar Zuid
050208;Schollevaar Noord
050209;Rivium
050311;Wijk 11 Binnenstad
050312;Wijk 12 Vrijenban
050313;Wijk 13 Hof van Delft
050314;Wijk 14 Voordijkshoorn
050316;Wijk 16 Delftse Hout
050322;Wijk 22 Tanthof-West
050323;Wijk 23 Tanthof-Oost
050324;Wijk 24 Voorhof
050325;Wijk 25 Buitenhof
050326;Wijk 26 Abtswoude
050327;Wijk 27 Schieweg
050328;Wijk 28 Wippolder
050329;Wijk 29 Ruiven
050501;Wijk 01 Binnenstad
050502;Wijk 02 Noordflank
050503;Wijk 03 Oud Krispijn
050504;Wijk 04 Nieuw-krispijn
050505;Wijk 05 Het Reeland
050506;Wijk 06 Staart
050507;Wijk 07 Wielwijk
050508;Wijk 08 Crabbehof/Zuidhoven
050509;Wijk 09 Sterrenburg
050510;Wijk 10 Dubbeldam
050511;Wijk 11 Stadspolders
050519;Wijk 19 Industriegebied West
050598;Wijk 98 Verspreide bebouwing
050599;Groot water
051201;Wijk 01 Gorinchem binnenstad
051202;Wijk 02 Wijdschild
051203;Wijk 03 Lingewijk
051204;Wijk 04 haarwijk
051205;Wijk 05 Stalkaarsen
051206;Wijk 06 Gildenwijk
051207;Wijk 07 Schelluinsestraat
051208;Wijk 08 Avelingen Oost
051209;Wijk 09 Avelingen West
051210;Wijk 10 Molenvliet
051211;Wijk 11 laag Dalem
051212;Wijk 12 Dalem
051213;Wijk 13 Hoog Dalem
051214;Wijk 14 Bedrijventerrein Oost
051215;Wijk 15 Papland
051216;Wijk 16 schotdeuren
051217;Wijk 17 Bedrijventerrein Noord
051218;Wijk 18 Landelijk gebied West
051219;Wijk 19 Landelijk gebied Noord
051220;Wijk 20 Landelijk gebied Oost
051221;Wijk 21 Landelijk gebied Zuid
051301;Binnenstad
051302;De Korte Akkeren
051303;Bloemendaal
051304;Plaswijck
051305;Noord
051306;Kort Haarlem
051307;Goverwelle
051308;Stolwijkersluis
051309;Westergouwe
051801;Wijk 01 Oostduinen
051802;Wijk 02 Belgisch Park
051803;Wijk 03 Westbroekpark en Duttendel
051804;Wijk 04 Benoordenhout
051805;Wijk 05 Archipelbuurt
051806;Wijk 06 Van Stolkpark en Scheveningse Bosjes
051807;Wijk 07 Scheveningen
051808;Wijk 08 Duindorp
051809;Wijk 09 Geuzen- en Statenkwartier
051810;Wijk 10 Zorgvliet
051811;Wijk 11 Duinoord
051812;Wijk 12 Bomen- en Bloemenbuurt
051813;Wijk 13 Vogelwijk
051814;Wijk 14 Bohemen en Meer en Bos
051815;Wijk 15 Kijkduin en Ockenburgh
051816;Wijk 16 Kraayenstein en Vroondaal
051817;Wijk 17 Loosduinen
051818;Wijk 18 Waldeck
051819;Wijk 19 Vruchtenbuurt
051820;Wijk 20 Valkenboskwartier
051821;Wijk 21 Regentessekwartier
051822;Wijk 22 Zeeheldenkwartier
051823;Wijk 23 Willemspark
051824;Wijk 24 Haagse Bos
051825;Wijk 25 Mariahoeve en Marlot
051826;Wijk 26 Bezuidenhout
051827;Wijk 27 Stationsbuurt
051828;Wijk 28 Centrum
051829;Wijk 29 Schildersbuurt
051830;Wijk 30 Transvaalkwartier
051831;Wijk 31 Rustenburg en Oostbroek
051832;Wijk 32 Leyenburg
051833;Wijk 33 Bouwlust
051834;Wijk 34 Morgenstond
051835;Wijk 35 Zuiderpark
051836;Wijk 36 Moerwijk
051837;Wijk 37 Groente- en Fruitmarkt
051838;Wijk 38 Laakkwartier en Spoorwijk
051839;Wijk 39 Binckhorst
051840;Wijk 40 Wateringse Veld
051841;Wijk 41 Hoornwijk
051842;Wijk 42 Ypenburg
051843;Wijk 43 Forepark
051844;Wijk 44 Leidschenveen
051899;Groot water
052301;Neder Hardinxveld
052302;De Peulen
052303;Boven Hardinxveld
052304;Giessendam
053101;Wijk 01 Centrum
053102;Wijk 02 Krommeweg
053103;Wijk 03 De Volgerlanden
053104;Wijk 04 Sandelingen-Ambacht
053105;Wijk 05 De Oevers
053201;Stede Broec Buitengebied
053202;Stede Broec Noord
053203;Stede Broec Zuid
053299;Groot water
053401;Hillegom Midden
053402;Hillegom Noord
053403;Hillegom Zuid
053404;Hillegom West
053405;Buitengebied
053701;Katwijk Noord
053702;'t Heen
053703;Katwijk aan den Rijn
053705;Katwijk aan Zee
053706;Landelijk gebied Katwijk
053707;Rijnsburg
053708;Valkenburg
053799;Groot water
054200;Wijk 00 Krimpen aan den IJssel
054600;Binnenstad-Zuid
054601;Binnenstad-Noord
054602;Stationsdistrict
054603;Leiden-Noord
054604;Roodenburgerdistrict
054605;Bos- en Gasthuisdistrict
054606;Morsdistrict
054607;Boerhaavedistrict
054608;Merenwijkdistrict
054609;Stevenshofdistrict
054700;Wijk 00
054701;Wijk 01
054702;Wijk 02
055301;Lisse Noord
055302;Centrum
055303;Lisse Zuid
055304;Buitengebied
055601;Wijk 01 Taanschuurpolder
055602;Wijk 02 Dijkpolder
055603;Wijk 03 Sluispolder
055604;Wijk 04 Kapelpolder
055605;Wijk 05 Burgemeesterswijk
055606;Wijk 06 Steendijkpolder
055607;Wijk 07 Aalkeetpolder
055608;Wijk 08 Wilgenrijk
056901;Kern Nieuoop
056902;Kern De Meije
056903;Kern Noorden
056904;Kern Noordse Dorp
056905;Kern Woerdense Verlaat
056906;Kern Zevenhoven
056907;Kern Noordeinde
056908;Kern Vrouwenakker
056909;Kern Nieuwveen
056910;Kern Ter Aar
056911;Kern Korteraar
056912;Kern Langeraar
056913;Kern Papenveer
057500;Noordwijk Zee
057501;Noordwijk Binnen
057502;Noordwijk Buitengebied
057503;Noordwijkerhout
057504;Noordwijkerhout Buitengebied
057505;De Zilk
057599;Groot water
057901;Oud Oegstgeest
057902;Oudenhof
057903;De Kwaak
057904;Oegstgeest Noord
057905;Oegstgeest West
058901;Hekendorp
058902;Oudewater
058903;Papekop
058904;Snelrewaard
059001;Westpolder
059002;Molenvliet
059003;Kraaihoek
059004;Middenpolder
059005;Wilgendonk
059006;De Kooy-Oosteind
059007;Oostpolder
059008;Vriesenpolder
059009;De Noordoever
059701;Centrum
059702;West
059703;Oost
059704;Drievliet
059705;Het Zand
059706;Slikkerveer
059707;Bolnes
059708;Rijsoord
059709;Oostendam
059710;Donkersloot
059711;Verenambacht
059712;Cornelisland
059901;Rotterdam Centrum
059903;Delfshaven
059904;Overschie
059905;Noord
059906;Hillegersberg-Schiebroek
059908;Kralingen-Crooswijk
059910;Feijenoord
059912;IJsselmonde
059913;Pernis
059914;Prins Alexander
059915;Charlois
059916;Hoogvliet
059917;Hoek van Holland
059918;Spaanse Polder
059919;Nieuw Mathenesse
059921;Waalhaven-Eemhaven
059922;Vondelingenplaat
059923;Botlek-Europoort-Maasvlakte
059924;Rotterdam-Noord-West
059925;Rivium
059927;Rozenburg
059999;Groot water
060301;Wijk 01
060302;Wijk 02
060303;Wijk 03
060304;Wijk 04
060305;Wijk 05
060306;Wijk 06
060307;Wijk 07
060308;Wijk 08
060309;Wijk 09
060310;Wijk 10
060311;Wijk 11
060600;Wijk 00 Centrum
060601;Wijk 01 Oost
060602;Wijk 02 Schiedamse Havens
060603;Wijk 03 West
060604;Wijk 04 Zuid
060605;Wijk 05 Kethel
060606;Wijk 06 Nieuwland
060607;Wijk 07 Groenoord
060608;Wijk 08 Industrie
060609;Wijk 09 Woudhoek
060610;Wijk 10 Spaland en Sveaparken
060611;Wijk 11 Polderbuitengebied
061001;Wijk 01 Sliedrecht-West
061002;Wijk 02 Sliedrecht-Centrum
061003;Wijk 03 Sliedrecht-Oost
061004;Wijk 04 Sliedrecht-Noord
061301;Wijk 01 Poortugaal-Noord
061302;Wijk 02 Rhoon-Noord
061303;Wijk 03 Poortugaal-Zuid
061304;Wijk 04 Rhoon-Zuid
061305;Wijk 05 Buitengebied Albrandswaard
061306;Wijk 06 Portland
061307;Wijk 07 Rotterdam-Albrandswaard
062201;Centrum
062202;Westwijk
062203;Vettenoordse Polder
062204;Oostwijk
062205;Vlaardinger Ambacht
062206;Holy Zuid
062207;Holy Noord
062208;Broekpolder
062600;Wijk 00
062701;Wijk 01
062702;Wijk 02
062703;Wijk 03
062704;Wijk 04
062900;Wijk 00 Zuidwestelijk deel der gemeente
062901;Wijk 01 Noordoostelijk deel der gemeente
062999;Groot water
063201;Wijk 01 Woerden-Midden
063202;Wijk 02 Woerden-West
063203;Wijk 03 Woerden-Oost
063204;Wijk 04 Buitengebied Woerden-West
063205;Wijk 05 Buitengebied Woerden-Oost
063206;Wijk 06 Harmelen
063207;Wijk 07 Kamerik
063208;Wijk 08 Zegveld
063701;Dorp
063702;Stadscentrum
063703;Palenstein
063704;Driemanspolder
063705;Meerzicht
063706;Buytenwegh
063707;De Leyens
063708;Seghwaert
063709;Noordhove
063710;Rokkeveen
063711;Oosterheem
063712;Ontwikkelwijk
063713;bedrijventerreinen
063714;buitengebied
063715;A12-ZONE
063800;Zoeterwoude-Dorp
063801;Westeinde
063802;Zuidbuurt
063803;Weipoort
063804;Gelderswoude
063809;Verspreide huizen
063810;Zoeterwoude-Rijndijk
064201;Wijk 01 Walburg
064202;Wijk 02 Centrum
064203;Wijk 03 Noord
064204;Wijk 04 Heer Oudelands Ambacht
064205;Wijk 05 Kort Ambacht
064206;Wijk 06 Nederhoven
064207;Wijk 07 Verspreide bebouwing
064208;Wijk 08 Bebouwde kom Heerjansdam
064209;Wijk 09 Landelijk gebied Heerjansdam
065401;Baarland
065402;Borssele
065403;Driewegen
065404;Ellewoutsdijk
065405;Heinkenszand
065406;Hoedekenskerke
065407;Kwadendamme
065408;Lewedorp
065409;Nieuwdorp
065410;Nisse
065411;Oudelande
065412;Ovezande
065413;'s-Gravenpolder
065414;'s-Heer Abtskerke
065415;'s-Heerenhoek
065499;Groot water
066401;Wijk 01 Goes
066402;Wijk 02 Wilhelminadorp
066403;Wijk 03 Kloetinge
066404;Wijk 04 Kattendijke
066405;Wijk 05 's-Heer-Arendskerke
066406;Wijk 06 Eindewege
066407;Wijk 07 's-Heer-Hendrikskinderen
066408;Wijk 08 Wolphaartsdijk
066409;Wijk 09 Oud-Sabbinge
066499;Groot water
066801;Wijk 01 Alphen
066802;Wijk 02 Altforst
066803;Wijk 03 Appeltern
066804;Wijk 04 Beneden-Leeuwen
066805;Wijk 05 Boven-Leeuwen
066806;Wijk 06 Dreumel
066807;Wijk 07 Maasbommel
066808;Wijk 08 Wamel
067701;Hulst
067702;Sint Jansteen
067703;Clinge
067704;Graauw
067705;Heikant
067706;Nieuw Namen
067707;Kapellebrug
067708;Kloosterzande
067709;Lamswaarde
067710;Terhole
067711;Vogelwaarde
067712;Hengstdijk
067713;Ossenisse
067714;Kuitaart
067715;Walsoorden
067799;Groot water
067800;Wijk 00 Kapelle
067801;Wijk 01 Wemeldinge
067802;Wijk 02 Schore
067899;Groot water
068700;Binnenstad
068710;Griffioen
068711;Klarenbeek
068712;Nieuw Middelburg
068713;Brigdamme
068714;Sint Laurens
068715;Ramsburg
068716;Veersepoort
068717;Verspreide huizen in het noorden
068718;Verspreide huizen in het noordwesten
068719;Verspreide huizen in het noordoosten
068720;Stromenwijk/'t Zand
068729;Verspreide huizen in het zuidwesten
068730;Middelburg Zuid
068731;Dauwendaele
068732;Arnestein
068739;Mortiere
068740;Nieuw- en Sint Joosland
068749;Verspreide huizen Nieuw- en Sint Joosland
068750;Arnemuiden
068751;Kleverskerke
068752;Oranjeplaat
068753;Veerse Meer
068759;Verspreide huizen Arnemuiden
068799;Groot water
070300;Wijk 00 Yerseke
070301;Wijk 01 Kruiningen
070302;Wijk 02 Krabbendijke
070303;Wijk 03 Waarde
070304;Wijk 04 Rilland-Bath
070305;Wijk 05 Hansweert
070306;Wijk 06 Oostdijk
070399;Groot water
071501;Kern Axel
071502;Buitengebied Axel
071503;Kern Biervliet
071504;Buitengebied Biervliet
071505;Kern Hoek
071506;Buitengebied Hoek
071507;Kern Koewacht
071508;Buitengebied Koewacht
071509;Kern Overslag
071510;Buitengebied Overslag
071511;Kern Philippine
071512;Buitengebied Philippine
071513;Kern Sas van Gent
071514;Buitengebied Sas van Gent
071515;Kern Sluiskil
071516;Buitengebied Sluiskil
071517;Kern Spui
071518;Buitengebied Spui
071519;Buitengebied Terneuzen
071520;Terneuzen Centrum
071521;Terneuzen Noord
071522;Terneuzen West
071523;Terneuzen Zuid
071524;Terneuzen Oost
071525;Kern Westdorpe
071526;Buitengebied Westdorpe
071527;Kern Zaamslag
071528;Buitengebied Zaamslag
071529;Kern Zuiddorpe
071530;Buitengebied Zuiddorpe
071599;Groot water
071600;Tholen
071601;Poortvliet
071602;Scherpenisse
071603;Sint-Maartensdijk
071604;Stavenisse
071605;Sint-Annaland
071606;Oud-Vossemeer
071607;Sint Philipsland
071699;Groot water
071700;Wijk 00 Veere
071701;Wijk 01 Gapinge
071702;Wijk 02 Vrouwenpolder
071703;Wijk 03 Serooskerke
071704;Wijk 04 Domburg
071705;Wijk 05 Oostkapelle
071706;Wijk 06 Aagtekerke
071707;Wijk 07 Grijpskerke
071708;Wijk 08 Meliskerke
071709;Wijk 09 Koudekerke
071710;Wijk 10 Biggekerke
071711;Wijk 11 Zoutelande
071712;Wijk 12 Westkapelle
071799;Groot water
071801;Binnenstad
071802;Middengebied
071803;Paauwenburg - Westduin
071804;Lammerenburg
071805;Oost-Souburg
071806;Ritthem e.o.
071807;Binnen- en Buitenhavens
071808;Sloegebied
071899;Groot water
073601;Mijdrecht
073602;de Hoef
073603;Amstelhoek
073604;Vinkeveen
073605;Waverveen
073606;Wilnis
073607;Abcoude
073608;Baambrugge
073700;Wijk 00 Burgum
073701;Wijk 01 Aldtsjerk
073702;Wijk 02 Mûnein
073703;Wijk 03 Ryptsjerk
073704;Wijk 04 Tytsjerk
073705;Wijk 05 Earnewâld
073706;Wijk 06 Sumar
073707;Wijk 07 Eastermar
073708;Wijk 08 Noordburgum
073709;Wijk 09 Hurdegaryp
074301;Asten industrie noord
074302;Asten buitengebied oost
074303;Asten noord
074304;Asten oost
074305;Asten zuid
074306;Asten centrum / west
074307;Asten buitengebied west
074308;Heusden wonen
074309;Heusden recreatie
074310;Ommel wonen
074311;Ommel recreatie
074401;Baarle-Nassau
074402;Ulicoten
074403;Castelré
074800;Wijk 00 Bergen op Zoom-Oude stad en omgeving
074801;Wijk 01 Bergen op Zoom-Noord
074802;Wijk 02 Bergen op Zoom-Oost
074803;Wijk 03 Bergen op Zoom-West
074804;Wijk 04 Halsteren
074805;Wijk 05 Lepelstraat
075301;Centrum
075302;Hoge Akker
075303;Speelheide
075304;De Leeuwerik
075305;Villawijk
075306;Batadorp
075307;Salderes
075308;Wilhelminadorp
075309;Naastenbest
075310;'t Zand
075311;Breeven
075312;Heide
075313;Heuveleind
075314;Heivelden
075315;Buitengebied
075316;Dijkstraten
075317;Kantonnier
075318;Steegsche Velden
075319;Aarlesche Erven
075500;Wijk 00 Boekel
075501;Wijk 01 Venhorst
075700;Wijk 00 Boxtel
075701;Wijk 01 Lennisheuvel
075702;Wijk 02 Liempde
075730;Esch
075731;Verspr huizen Esch
075800;Breda centrum
075801;Breda noord
075802;Breda oost
075803;Breda zuid-oost
075804;Breda zuid
075805;Breda west
075806;Breda noord-west
075807;Bavel
075808;Ulvenhout
075809;Prinsenbeek
075810;Teteringen
076201;Deurne
076202;Heiakker
076203;Koolhof
076204;Sint Jozefparochie
076205;Vlierden
076206;Liessel
076207;Neerkant
076208;Helenaveen
076500;Wijk 00
076501;Wijk 01
076601;Dongen
076602;'s Gravenmoer
077000;Eersel
077001;Duizel
077002;Steensel
077003;Vessem
077004;Wintelre
077005;Knegsel
077211;Centrum
077221;Oud-Stratum
077222;Kortonjo
077223;Putten
077231;De Laak
077232;Doornakkers
077233;Oud-Tongelre
077241;Oud-Woensel
077242;Erp
077243;Begijnenbroek
077251;Ontginning
077252;Achtse Molen
077253;Aanschot
077254;Dommelbeemd
077261;Oud-Strijp
077262;Halve Maan
077263;Meerhoven
077271;Rozenknopje
077272;Oud-Gestel
077273;Gestelse Ontginning
077700;Midden woongebied
077701;Midden Bedrijventerrein
077702;Midden landelijk gebied
077710;Noord woongebied
077711;Noord bedrijventerrein
077712;Noord landelijk gebied
077720;Zuid woongebied
077721;Zuid bedrijventerrein West
077722;Zuid bedrijventerrein Oost
077723;Zuid landelijk gebied
077900;Wijk 00 Raamsdonksveer
077901;Wijk 01 Raamsdonk
077902;Wijk 02 Geertruidenberg
078401;Rijen
078402;Gilze
078403;Hulten
078404;Molenschot
078501;Wijk 01 Goirle-Centrum
078502;Wijk 02 Grobbendonck
078503;Wijk 03 De Groote Akkers
078504;Wijk 04 De Hoge Wal
078505;Wijk 05 Abcoven
078506;Wijk 06 Wildackers
078507;Wijk 07 't Ven
078508;Wijk 08 De Boschkens
078509;Wijk 09 De Hellen
078510;Wijk 10 De Nieuwe Erven
078511;Wijk 11 Hoogeind
078512;Wijk 12 Sportpark Van den Wildenberg
078513;Wijk 13 Bedrijventerrein Tijvoort
078514;Wijk 14 Verspreide huizen Goirle
078520;Wijk 20 Riel
078521;Wijk 21 Bedrijventerrein Riel
078522;Wijk 22 Sportpark De Krim
078523;Wijk 23 Verspriede huizen Riel
079410;Wijk 10 Binnenstad
079411;Wijk 11 Helmond-Oost
079412;Wijk 12 Helmond-Noord
079413;Wijk 13 't Hout
079414;Wijk 14 Brouwhuis
079415;Wijk 15 Helmond-West
079416;Wijk 16 Warande
079417;Wijk 17 Stiphout
079418;Wijk 18 Rijpelberg
079419;Wijk 19 Dierdonk
079421;Wijk 21 Brandevoort
079429;Wijk 29 Industriegebied Zuid
079601;Binnenstad
079602;Zuidoost
079603;Graafsepoort
079604;Muntel / Vliert
079605;Rosmalen-Zuid
079606;Rosmalen-Noord
079607;De Groote Wielen
079608;Empel
079609;Noord
079610;Maaspoort
079611;West
079612;Engelen
079613;Nuland
079614;Vinkel
079701;Wijk 01 Drunen
079702;Wijk 02 Elshout
079703;Wijk 03 Haarsteeg
079704;Wijk 04 Nieuuijk
079705;Wijk 05 Vlijmen
079706;Wijk 06 Doeveren
079707;Wijk 07 Hedikthuizen
079708;Wijk 08 Heesbeen
079709;Wijk 09 Herpt
079710;Wijk 10 Heusden
079711;Wijk 11 Oudheusden
079800;Wijk 00 Hilvarenbeek
079801;Wijk 01 Esbeek
079802;Wijk 02 Biest-Houtakker
079803;Wijk 03 Diessen
079804;Wijk 04 Haghorst
080910;Wijk 10 Kaatsheuvel-West
080920;Wijk 20 Kaatsheuvel-Oost
080930;Wijk 30 Loon op Zand
080940;Wijk 40 De Moer
082000;Wijk 00 Nuenen
082001;Wijk 01 Gerwen
082002;Wijk 02 Nederwetten
082300;Wijk 00 Oirschot
082301;Wijk 01 Spoordonk
082302;Wijk 02 Middelbeers en Westelbeers
082303;Wijk 03 Oostelbeers
082401;Buitengebied Moergestel Noord-West
082402;Pannenschuur
082403;Heukelom
082404;buitengebied Oisterwijk Zuid
082405;Klompven/Eikenven
082406;George Perklaan e.o.
082407;Dorp Moergestel
082408;'t Westend
082409;Bunders
082410;Levenskerk
082411;Waterhoef
082412;Industrieterrein Kerkhoven Laarakkers
082413;Centrum Oisterwijk
082414;Buitengebied Moergestel Zuid-Oost
082415;Buitengebied Oisterwijk Noord
082416;Dorp Haaren
082417;Buitengebied Haaren
082418;KVL terrein
082419;Sportterreinen Den Donk
082600;Wijk 00 Oosterhout-Centrum
082601;Wijk 01 Slotjes
082602;Wijk 02 West
082603;Wijk 03 Strijen
082604;Wijk 04 Leijsenakkers
082605;Wijk 05 Oosterheide
082606;Wijk 06 Dommelbergen
082607;Wijk 07 Vrachelen
082608;Wijk 08 Industrieterrein Zuid
082609;Wijk 09 Industrieterrein Noord
082610;Wijk 10 Buitengebied Oosterhout
082611;Wijk 11 Den Hout
082612;Wijk 12 Oosteind
082613;Wijk 13 Dorst
082800;Centrum
082801;Schadewijk
082802;Industrieterreinen-Zuid
082803;Oss-Zuid
082804;Krinkelhoek
082805;Industrieterreinen-Noord
082806;Ruwaard
082807;Ussen
082808;Buitengebied-Noord
082809;Buitengebied-Zuid
082810;Berghem
082811;Haren
082812;Macharen
082813;Megen
082814;Ravenstein
082815;Herpen
082816;Overlangel
082817;Deursen en Dennenburg
082818;Lith
082819;Lithoijen
082820;Oijen
082821;Maren-Kessel
082822;Geffen
084000;Wijk 00 Rucphen
084001;Wijk 01 Sint Willebrord
084002;Wijk 02 Sprundel
084003;Wijk 03 Schijf
084004;Wijk 04 Zegge
084500;Wijk 00 Sint-Michielsgestel
084501;Wijk 01 Gemonde
084502;Wijk 02 Den Dungen
084503;Wijk 03 Berlicum
084504;Wijk 04 Middelrode
084700;Someren dorp
084701;Lierop dorp
084702;Someren-Eind dorp
084703;Someren-Heide dorp
084704;Buitengebied Someren
084705;Buitengebied Lierop
084706;Buitengebied Someren-Eind
084707;Buitengebied Someren-Heide
084800;Wijk 00 Son
084801;Wijk 01 Breugel
085100;Wijk 00 Steenbergen
085101;Wijk 01 Kruisland
085102;Wijk 02 De Heen
085103;Wijk 03 Dinteloord
085104;Wijk 04 Nieuw-Vossemeer
085199;Groot water
085200;Wijk 00 Monnickendam
085201;Wijk 01 Katwoude
085202;Wijk 02 Marken
085203;Wijk 03 Broek in Waterland
085204;Wijk 04 Ilpendam
085205;Wijk 05 Watergang
085299;Groot water
085510;Binnenstad
085511;Hoogvenne
085512;Armhoef
085513;Jeruzalem
085514;Fatima
085515;Broekhoven
085516;Oerle
085517;Korvel
085518;Trouwlaan - Uitvindersbuurt
085519;Sint Anna
085520;Noordhoek
085521;Spoorzone Zuid
085522;Bouwmeester
085523;De Hasselt
085524;Het Goirke
085525;Groeseind-Hoefstraat
085526;Loven-Besterd
085527;Theresia
085528;Spoorzone Noord
085529;Kanaalzone
085530;Moerenburg
085531;De Leij
085532;Groenewoud
085533;Stappegoor
085534;Bedrijventerrein Het Laar
085535;De Blaak
085536;Zorgvlied
085537;De Reit
085538;Het Zand
085539;Wandelbos Noord
085540;Wandelbos Zuid
085541;De Oude Warande
085542;Stokhasselt
085543;Heikant
085544;Quirijnstok
085545;Ind.terrein Loven
085546;Bosscheweg
085547;Gesworen Hoek
085548;Huibeven
085549;Campenhoef
085550;Heyhoef
085551;Heerevelden
085552;Dongewijk
085553;Tuindorp De Kievit
085554;Leeuwerik
085555;Dalem Noord
085556;Dalem Zuid
085557;Koolhoven
085558;Witbrant
085559;Bedrijventerrein Kraaiven
085560;Bedrijventerrein Vossenberg
085561;De Katsbogten
085562;Buitengebied Tilburg Zuid-Oost
085563;Buitengebied Tilburg Zuid-West
085564;Buitengebied Tilburg Noord-Oost
085565;Buitengebied Tilburg Noord-West
085566;Berkel-Enschot
085567;Udenhout
085568;Biezenmortel
085800;Wijk 00 Valkenswaard
085801;Wijk 01 Dommelen
085802;Wijk 02 Borkel en Schaft
086100;Wijk 00 Veldhoven
086101;Wijk 01 Noordelijk Woongebied
086102;Wijk 02 Oerle
086500;Wijk 00 Vught
086501;Wijk 01 Vught-Zuid
086502;Wijk 02 Cromvoirt
086503;Wijk 03 Helvoirt
086600;Wijk 00 Waalre
086700;Waalwijk
086701;Sprang-Capelle
086702;Waspik
087300;Wijk 00 Hoogerheide en Woensdrecht
087301;Wijk 01 Huijbergen
087302;Wijk 02 Ossendrecht
087303;Wijk 03 Putte
087900;Wijk 00 Zundert
087901;Wijk 01 Klein - Zundert
087902;Wijk 02 Wernhout
087903;Wijk 03 Achtmaal
087904;Wijk 04 Rijsbergen
088000;Wijk 00 Wormer
088001;Wijk 01 Wijdewormer
088002;Wijk 02 Jisp
088200;Wijk 00 Schaesberg
088201;Wijk 01 Nieuwenhagen
088202;Wijk 02 Ubach over Worms
088800;Wijk 00 Beek - Spaubeek
088801;Wijk 01 Beek-Zuid
088900;Wijk 00 Reuver
088901;Wijk 01 Beesel
089301;Aijen
089302;Oud-Bergen
089303;Nieuw-Bergen
089304;Afferden
089305;Siebengewald
089306;Well
089307;Wellerlooi
089901;Wijk 01 Brunssum-West
089902;Wijk 02 Brunssum-Noord
089903;Wijk 03 Brunssum-Oost
089904;Wijk 04 Brunssum-Zuid
089905;Wijk 05 Brunssum-Centrum
090700;Wijk 00 Milsbeek
090701;Wijk 01 Ottersum
090702;Wijk 02 Ven-Zelderheide
090703;Wijk 03 Gennep
090704;Wijk 04 Heijen
091710;Wijk 10 Maria Gewanden - Terschuren
091711;Wijk 11 Mariarade
091712;Wijk 12 Hoensbroek - De Dem
091713;Wijk 13 Nieuw Lotbroek
091714;Wijk 14 De Koumen
091720;Wijk 20 Vrieheide - De Stack
091721;Wijk 21 Heerlerheide - Passart
091722;Wijk 22 Heksenberg
091723;Wijk 23 Schrieversheide
091724;Wijk 24 Rennemig - Beersdal
091730;Wijk 30 Zeswegen-Nieuw Husken
091731;Wijk 31 Schandelen - Grasbroek
091732;Wijk 32 Meezenbroek-Schaesbergerveld
091733;Wijk 33 Heerlen-Centrum
091734;Wijk 34 Eikenderveld
091735;Wijk 35 Woonboulevard - Ten Esschen
091736;Wijk 36 Welten-Benzenrade
091737;Wijk 37 Bekkerveld - Aarveld
091738;Wijk 38 Caumerveld-Douve Weien
091739;Wijk 39 Molenberg
091740;Wijk 40 Heerlerbaan - Centrum
091741;Wijk 41 Heerlerbaan - Schil
091742;Wijk 42 De Beitel
092800;Wijk 00 Kerkrade-West
092801;Wijk 01 Kerkrade-Oost
092802;Wijk 02 Kerkrade-Noord
093500;Wijk 00 Centrum
093501;Wijk 01 Buitenwijk Zuidwest
093502;Wijk 02 Buitenwijk West
093503;Wijk 03 Buitenwijk Noordwest
093504;Wijk 04 Buitenwijk Oost
093505;Wijk 05 Buitenwijk Noordoost
093506;Wijk 06 Buitenwijk Zuidoost
093800;Wijk 00 Meerssen
093801;Wijk 01 Ulestraten
093802;Wijk 02 Bunde - Geulle
094400;Wijk 00 Mook
094401;Wijk 01 Middelaar
094601;Wijk 01 Nederweert
094602;Wijk 02 Budschop
094603;Wijk 03 Ospel
094604;Wijk 04 Nederweert-Eind
094605;Wijk 05 Leveroy
095700;Wijk 00 Centrum
095701;Wijk 01 Roermond-Oost
095702;Wijk 02 Roermond-Zuid
095703;Wijk 03 Maasniel
095704;Wijk 04 Donderberg
095705;Wijk 05 Hoogvonderen
095706;Wijk 06 Asenray
095707;Wijk 07 Herten
095708;Wijk 08 Swalmen
095709;Wijk 09 Maasplassen
096500;Wijk 00 Simpelveld
096501;Wijk 01 Bocholtz
097100;Wijk 00 Stein
097101;Wijk 01 Elsloo
097102;Wijk 02 Urmond
098100;Wijk 00 Vijlen-Lemiers
098101;Wijk 01 Vaals
098311;Wijk 11 Venlo-Centrum
098312;Wijk 12 Venlo-Zuid
098313;Wijk 13 Venlo-Oost-Noord
098314;Wijk 14 Venlo-Noord
098315;Wijk 15 Venlo-Oost-Zuid
098316;Wijk 16 Het Ven
098321;Wijk 21 Blerick-Midden
098322;Wijk 22 Blerick-Noord
098323;Wijk 23 Blerick-Zuid
098324;Wijk 24 Vossener
098325;Wijk 25 Klingerberg
098326;Wijk 26 Hout-Blerick
098327;Wijk 27 Boekend
098328;Wijk 28 Trade-Port
098331;Wijk 31 Tegelen-Centrum
098332;Wijk 32 Op de Hei
098335;Wijk 35 Steyl
098341;Wijk 41 Velden
098343;Wijk 43 Lomm
098344;Wijk 44 Arcen
098351;Wijk 51 Belfeld
098401;Heide
098402;Ysselsteyn
098403;Merselo
098404;Vredepeel
098405;Smakt
098406;Oostrum
098407;Oirlo
098408;Castenray
098409;Veulen
098410;Leunen
098411;Centrum
098412;Oost
098413;West
098414;Vlakwater
098415;Veltum
098416;Brukske
098417;Landweert
098418;Smakterheide
098419;Brabander
098420;St. Antoniusveld
098421;Wanssum
098422;Geijsteren
098423;Blitterswijck
098601;Wijk 01 Voerendaal
098602;Wijk02 Kunrade
098603;Wijk 03 Ubachsberg
098604;Wijk 04 Klimmen
098605;Wijk 05 Ransdaal
098609;Wijk 09 Verspreide huizen Voerendaal
098801;Wijk 01 Boshoven
098802;Wijk 02 Laar en Hushoven
098803;Wijk 03 Molenakker en Kampershoek
098811;Wijk 11 Weert-Centrum
098812;Wijk 12 Biest
098813;Wijk 13 Groenewoud
098814;Wijk 14 Fatima
098821;Wijk 21 Keent
098822;Wijk 22 Moesel
098823;Wijk 23 Graswinkel
098824;Wijk 24 Leuken
098825;Wijk 25 Kazernelaan
098831;Wijk 31 Altweerterheide
098832;Wijk 32 Tungelroy
098833;Wijk 33 Swartbroek
098834;Wijk 34 Stramproy
099400;Wijk 00: Valkenburg
099401;Wijk 01: Houthem - Sint Gerlach
099402;Wijk 02: Schin op Geul - Oud-Valkenburg
099403;Wijk 03: Sibbe - IJzeren
099404;Wijk 04: Berg en Terblijt - Vilt
099405;Wijk 05: Walem
099501;Zuiderzeewijk
099502;Atolwijk
099503;Boswijk
099504;Waterwijk-Landerijen
099505;Bolder
099506;Kustwijk
099507;Havendiep
099508;Lelystad-Haven
099509;Stadshart
099510;Buitengebied
099511;Warande
099599;Groot water
099899;Buitenland
150700;Wijk 00 Griendtsveen
150701;Wijk 01 America
150702;Wijk 02 Meterik
150703;Wijk 03 Hegelsom
150704;Wijk 04 Horst
150705;Wijk 05 Melderslo
150706;Wijk 06 Broekhuizenvorst
150707;Wijk 07 Lottum
150708;Wijk 08 Grubbenvorst
150709;Wijk 09 Broekhuizen
150710;Wijk 10 Sevenum
150711;Wijk 11 Kronenberg
150712;Wijk 12 Evertsoord
150713;Wijk 13 Meerlo
150714;Wijk 14 Tienray
150715;Wijk 15 Swolgen
150900;Wijk 00 Ulft-Etten
150901;Wijk 01 Overig Gendringen
150902;Wijk 02 Silvolde-Terborg
150903;Wijk 03 Varsseveld
152501;Voorhout Oude Dorp
152502;Voorhout Oosthout
152503;Voorhout Hooghkamer
152504;Voorhout Buiten
152511;Sassenheim Midden
152512;Sassenheim Oost
152513;Sassenheim Zuid
152514;Sassenheim West
152515;Sassenheim buiten
152521;Warmond
152522;Warmond buiten
158100;Doorn
158101;Driebergen
158102;Leersum
158103;Amerongen
158104;Maarn
158601;Wijk 01 Lichtenvoorde
158602;Wijk 02 Harreveld
158603;Wijk 03 Zieuwewnt
158604;Wijk 04 Lievelde
158605;Wijk 05 Vragender
158606;Wijk 06 Groenlo
158607;Wijk 07 Marienvelde
159801;Obdam
159802;Hensbroek
159803;Spierdijk
159804;Zuidermeer
159805;Berkhout
159806;Ursem
159807;De Goorn
159808;Avenhorn
159809;Scharwoude
159810;Oudendijk
159899;Groot water
162111;Wijk 11 Bergschenhoek
162112;Wijk 12 De Ackers
162113;Wijk 13 Boterdorp
162114;Wijk 14 Wilderszijde
162115;Wijk 15 Oosteindsche Polder
162121;Wijk 21 Berkel
162122;Wijk 22 Noordpolder
162123;Wijk 23 Meerpolder
162124;Wijk 24 Noordeinde
162125;Wijk 25 Zuidpolder
162126;Wijk 26 De Wadden
162127;Wijk 27 Westpolder
162128;Wijk 28 Rodenrijs
162131;Wijk 31 Bleiswijk
162132;Wijk 32 Hoekeindse Zoom
162133;Wijk 33 Bleiswijk Buiten
164000;Heythuysen
164001;Heibloem
164002;Roggel
164003;Neer
164004;Nunhem
164005;Haelen
164006;Buggenum
164007;Horn
164008;Baexem
164009;Kelpen-Oler
164010;Grathem
164011;Ell
164012;Haler
164013;Hunsel
164014;Neeritter
164015;Ittervoort
164100;Wijk 00 Maasbracht
164101;Wijk 01 Linne
164102;Wijk 02 Stevensweert
164103;Wijk 03 Ohé en Laak
164104;Wijk 04 Thorn
164105;Wijk 05 Heel
164106;Wijk 06 Beegden
164107;Wijk 07 Wessem
165200;Wijk 00 Gemert-Centrum
165201;Wijk 01 Gemert-Noord
165202;Wijk 02 Gemert-Oost
165203;Wijk 03 Handel
165204;Wijk 04 De Mortel
165205;Wijk 05 Elsendorp
165206;Wijk 06 Bakel
165207;Wijk 07 Milheeze
165208;Wijk 08 De Rips
165501;Wijk 01 Oud Gastel
165502;Wijk 02 Stampersgat
165503;Wijk 03 Oudenbosch
165504;Wijk 04 Hoeven
165505;Wijk 05 Bosschenhoofd
165800;Wijk 00 Heeze
165801;Wijk 01 Leende
165802;Wijk 02 Leenderstrijp
165803;Wijk 03 Sterksel
165900;Wijk 00 Beek en Donk
165901;Wijk 01 Aarle-Rixtel
165902;Wijk 02 Lieshout
165903;Wijk 03 Mariahout
166700;Wijk 00 Reusel
166701;Wijk 01 Hooge Mierde
166702;Wijk 02 Lage Mierde
166703;Wijk 03 Hulsel
166901;Montfort
166902;Sint Odiliënberg
166903;Melick
166904;Posterholt
166905;Herkenbosch
166906;Vlodrop
167400;Wijk 00 Centrum
167401;Wijk 01 Oost
167402;Wijk 02 Noord
167403;Wijk 03 West
167404;Wijk 04 Groot Kroeven
167405;Wijk 05 Langdonk
167406;Wijk 06 Kortendijk
167407;Wijk 07 Tolberg
167408;Wijk 08 Industriegebieden
167410;Wijk 10 Nispen
167411;Wijk 11 Wouw
167412;Wijk 12 Heerle
167413;Wijk 13 Moerstraten
167414;Wijk 14 Wouwse Plantage
167600;Wijk 00 Zierikzee
167601;Wijk 01 Brouwershaven
167602;Wijk 02 Zonnemaire
167603;Wijk 03 Dreischor
167604;Wijk 04 Noordgouwe
167605;Wijk 05 Bruinisse
167606;Wijk 06 Nieuwerkerk
167607;Wijk 07 Oosterland
167608;Wijk 08 Ouwerkerk
167609;Wijk 09 Scharendijke
167610;Wijk 10 Kerkwerve
167611;Wijk 11 Ellemeet
167612;Wijk 12 Haamstede
167613;Wijk 13 Renesse
167614;Wijk 14 Noordwelle
167615;Wijk 15 Serooskerke
167699;Groot water
168000;Wijk 00 Annen
168001;Wijk 01 Eext
168002;Wijk 02 Anloo
168003;Wijk 03 Gasteren
168004;Wijk 04 Anderen
168005;Wijk 05 Schipborg
168006;Wijk 06 Eexterveen
168007;Wijk 07 Spijkerboor
168008;Wijk 08 Nieuw-Annerveen
168009;Wijk 09 Oud-Annerveen
168011;Wijk 11 Annerveenschekanaal
168012;Wijk 12 Eexterveenschekanaal
168013;Wijk 13 Eexterzandvoort
168014;Wijk 14 Gasselte
168015;Wijk 15 Gasselternijveen
168016;Wijk 16 Gasselternijveenschemond
168017;Wijk 17 Gieten
168018;Wijk 18 Gieterveen
168019;Wijk 19 Rolde
168020;Wijk 20 Grolloo
168021;Wijk 21 Ekehaar
168100;Valthe
168101;Valthermond
168102;Westdorp
168103;Zandberg
168179;1e Exloërmond
168180;2e Exloërmond
168181;2e Valthermond
168182;Borger
168183;Bronneger
168184;Bronnegerveen
168185;Buinen
168186;Buinerveen
168187;Drouwen
168188;Drouwenermond
168189;Drouwenerveen
168190;Ees
168191;Eesergroen
168192;Eeserveen
168193;Ellertshaar
168194;Exloërveen
168195;Exloo
168196;Klijndijk
168197;Nieuw-Buinen
168198;Odoorn
168199;Odoornerveen
169000;Wijk 00 Zuidwolde
169001;Wijk 01 Alteveer
169002;Wijk 02 Kerkenveld
169003;Wijk 03 Drogteropslagen
169004;Wijk 04 Linde
169005;Wijk 05 Fort
169006;Wijk 06 Veeningen
169007;Wijk 07 Echten
169008;Wijk 08 Ruinen
169009;Wijk 09 Eursinge
169010;Wijk 10 Ansen
169011;Wijk 11 Ruinerwold
169012;Wijk 12 Koekange
169013;Wijk 13 De Wijk
169500;Wijk 00 Kortgene
169501;Wijk 01 Colijnsplaat
169502;Wijk 02 Kats
169503;Wijk 03 Kamperland
169504;Wijk 04 Wissenkerke
169505;Wijk 05 Geersdijk
169599;Groot water
169600;Wijk 00 's-Graveland
169601;Wijk 01 Kortenhoef
169602;Wijk 02 Ankeveen
169603;Wijk 03 Loosdrecht
169604;Wijk 04 Nieuw-Loosdrecht
169605;Wijk 05 Breukeleveen
169606;Wijk 06 Nederhorst den Berg
169900;Wijk 00 Roden
169901;Wijk 01 Roden
169903;Wijk 03 Norg
169904;Wijk 04 Norg
169906;Wijk 06 Peize
170001;Vriezenveen (kern)
170002;Westerhaar-Vriezenveensewijk
170003;Den Ham
170004;Vroomshoop
170005;Buitengebied Vriezenveen Noord
170006;Buitengebied Vriezenveen Zuid
170100;Wijk 00 Diever
170101;Wijk 01 Wapse
170102;Wijk 02 Zorgvlied
170103;Wijk 03 Dwingeloo
170104;Wijk 04 Lhee
170105;Wijk 05 Eemster
170106;Wijk 06 Geeuwenbrug
170107;Wijk 07 Dieverbrug
170108;Wijk 08 Havelte
170109;Wijk 09 Uffelte
170110;Wijk 10 Wapserveen
170111;Wijk 11 Vledder
170112;Wijk 12 Frederiksoord
170113;Wijk 13 Nijensleek
170114;Wijk 14 Vledderveen
170115;Wijk 15 Wilhelminaoord
170116;Wijk 16 Doldersum
170117;Wijk 17 Boschoord
170500;Bemmel
170501;Gendt
170502;Huissen
170503;Loo Gld
170504;Angeren
170505;Doornenburg
170506;Haalderen
170507;Ressen
170600;Wijk 00 Budel
170601;Wijk 01 Schoot
170602;Wijk 02 Dorplein
170603;Wijk 03 Maarheeze
170604;Wijk 04 Soerendonk
170605;Wijk 05 Gastel
170800;Steenwijk
170802;Oldemarkt
170803;Kalenberg
170804;Kuinre
170805;Blankenham
170806;Scheerwolde
170807;Vollenhove
170808;Sint Jansklooster
170810;Belt-Schutsloot
170811;Wanneperveen
170816;Blokzijl
170817;Giethoorn
170818;Zuidveen
170819;Onna
170820;Kallenkote
170821;Eesveen
170822;De Bult
170823;Baars
170824;Witte Paarden
170825;De Pol
170826;Willemsoord
170827;Marijenkampen
170828;Tuk
170829;Steenwijkerwold
170830;Basse
170831;Paasloo
170832;IJsselham
170833;Ossenzijl
170834;Wetering
170835;Nederland
170836;Baarlo
170899;Groot water
170900;Wijk 00 Zevenbergen
170901;Wijk 01 Zevenbergschen Hoek
170902;Wijk 02 Langeweg
170903;Wijk 03 Klundert
170904;Wijk 04 Moerdijk
170905;Wijk 05 Noordhoek
170906;Wijk 06 Standdaarbuiten
170907;Wijk 07 Fijnaart
170908;Wijk 08 Heijningen
170909;Wijk 09 Willemstad
170910;Wijk 10 Helwijk
170999;Groot water
171101;Susteren
171102;Dieteren
171103;Heide
171104;Roosteren
171105;Echt
171106;Maria Hoop
171107;Peij
171108;Slek
171109;Nieuwstadt
171110;Sint Joost
171111;Koningsbosch
171400;Wijk 00 Sluis
171401;Wijk 01 Retranchement
171402;Wijk 02 Aardenburg
171403;Wijk 03 Eede
171404;Wijk 04 Sint Kruis
171405;Wijk 05 Oostburg
171406;Wijk 06 Zuidzande
171407;Wijk 07 Cadzand
171408;Wijk 08 Nieuwvliet
171409;Wijk 09 Groede
171410;Wijk 10 Breskens
171411;Wijk 11 Hoofdplaat
171412;Wijk 12 IJzendijke
171413;Wijk 13 Schoondijke
171414;Wijk 14 Waterlandkerkje
171499;Groot water
171901;Drimmelen
171902;Made
171903;Terheijden
171904;Wagenberg
171905;Hooge Zwaluwe en Zevenbergschen Hoek
171906;Lage Zwaluwe
172101;Kern Heesch
172102;Kern Heeswijk-Dinther
172103;Kern Nistelrode
172104;Buitengebied Heesch
172105;Buitengebied Heeswijk-Dinther
172106;Buitengebied Nistelrode
172301;Alphen
172302;Chaam
172303;Strijbeek
172304;Galder
172305;Ulvenhout AC
172306;Bavel AC
172400;Wijk 00 Bergeijk 't Hof
172401;Wijk 01 Weebosch
172402;Wijk 02 Luyksgestel
172403;Wijk 03 Riethoven
172404;Wijk 04 Westerhoven
172405;Wijk 05 Bergeijk 't Loo
172406;Wijk 06 Buitengebied
172800;Wijk 00 Bladel
172801;Wijk 01 Netersel
172802;Wijk 02 Hapert
172803;Wijk 03 Hoogeloon
172804;Wijk 04 Casteren
172900;Wijk 00 Gulpen
172901;Wijk 01 Wijlre
172902;Wijk 02 Eys
172903;Wijk 03 Wittem
172904;Wijk 04 Mechelen
172905;Wijk 05 Epen
172906;Wijk 06 Slenaken
173000;Wijk 00 Zuidlaren
173001;Wijk 01 De Groeve
173002;Wijk 02 Zuidlaarderveen
173003;Wijk 03 Midlaren
173004;Wijk 04 Westlaren
173005;Wijk 05 Schuilingsoord
173006;Wijk 06 Paterswolde
173007;Wijk 07 Eelde
173008;Wijk 08 Eelderwolde
173009;Wijk 09 Vries
173010;Wijk 10 Donderen
173011;Wijk 11 Bunne
173012;Wijk 12 Yde
173013;Wijk 13 Tynaarlo
173014;Wijk 14 Zeegse
173015;Wijk 15 Zeijen
173100;Wijk 00 Beilen
173101;Wijk 01 Hijken
173102;Wijk 02 Hooghalen
173103;Wijk 03 Wijster
173104;Wijk 04 Spier
173105;Wijk 05 Drijber
173106;Wijk 06 Smilde
173107;Wijk 07 Bovensmilde
173108;Wijk 08 Hoogersmilde
173109;Wijk 09 Westerbork
173110;Wijk 10 Elp
173111;Wijk 11 Witteveen
173112;Wijk 12 Nieuw-Balinge
173113;Wijk 13 Nieuweroord
173114;Wijk 14 Zwiggelte
173115;Wijk 15 Orvelte
173116;Wijk 16 De Broekstreek
173401;Buitengebied Elst
173402;Elst-Zuid
173403;Elst-Noord
173404;De Aam
173405;Westeraam
173406;Elst-Oost
173407;Oosterhout
173408;Slijk-Ewijk
173409;Herveld
173410;Andelst
173411;Kern Zetten
173412;Buitengebied Zetten
173413;Hemmen
173414;Randwijk
173415;Kern Heteren
173416;Buitengebied Heteren
173417;Valburg
173418;Driel
173419;Homoet
173500;Wijk 00 Goor
173501;Wijk 01 De Whee II
173502;Wijk 02 Markelo
173503;Wijk 03 Verspreide huizen Kerspel en omgeving
173504;Wijk 04 Elsen
173505;Wijk 05 Diepenheim
173506;Wijk 06 Delden
173507;Wijk 07 Overig Delden
173508;Wijk 08 Hengevelde
173509;Wijk 09 Bentelo
174000;Wijk 00 Kesteren
174001;Wijk 01 Echteld
174002;Wijk 02 Dodewaard
174200;Wijk 00 Stad Rijssen
174202;Wijk 02 Buitengebied Rijssen
174203;Wijk 03 Holten
174204;Wijk 04 Bedrijventerrein Holten
174205;Wijk 05 Buitengebied Holten
174207;Wijk 07 Bedrijventerrein Rijssen
174208;Wijk 08 Recreatiegebied De Borkeld
174209;Wijk 09 Stadsrand Rijssen Noord
174210;Wijk 10 Stadsrand Rijssen Zuid
174211;Wijk 11 Stadsrand Rijssen Oost
177100;Geldrop
177101;Mierlo
177301;Wijk 01 Olst
177302;Wijk 02 Wijhe
177303;Wijk 03 Wesepe
177304;Wijk 04 Boskamp
177305;Wijk 05 Boerhaar
177306;Wijk 06 Welsum
177307;Wijk 07 Den Nul
177308;Wijk 08 Eikelhof
177309;Wijk 09 Elshof
177310;Wijk 10 Marle
177311;Wijk 11 Middel
177312;Wijk 12 Herxen
177410;Wijk 10 Denekamp
177411;Wijk 11 Lattrop-Breklenkamp
177412;Wijk 12 Tilligte
177413;Wijk 13 Agelo
177414;Wijk 14 Noord Deurningen
177415;Wijk 15 Ootmarsum
177416;Wijk 16 Weerselo
177417;Wijk 17 Rossum
177418;Wijk 18 Saasveld
177419;Wijk 19 Deurningen
177420;Wijk 20 Nutter
177421;Wijk 21 Oud Ootmarsum
178301;Wijk 01 Naaldwijk
178302;Wijk 02 Honselersdijk
178303;Wijk 03 Maasdijk
178304;Wijk 04 's-Gravenzande
178305;Wijk 05 Monster
178306;Wijk 06 Wateringen
178307;Wijk 07 De Lier
178308;Wijk 08 Kwintsheul
178309;Wijk 09 Poeldijk
178310;Wijk 10 Ter Heijde
178399;Groot water
184200;Wijk 00 Schipluiden
184201;Wijk 01 Maasland
185900;Wijk 00 Borculo
185901;Wijk 01 Eibergen
185902;Wijk 02 Beltrum
185903;Wijk 03 Neede
185904;Wijk 04 Ruurlo
187600;Wijk 00 Hengelo
187601;Wijk 01 Zelhem
187602;Wijk 02 Vorden
187603;Wijk 03 Steenderen
187604;Wijk 04 Hummelo en Keppel
188300;Wijk 00 Limbrichterveld
188301;Wijk 01 Sittard
188302;Wijk 02 Overhoven
188303;Wijk 03 Munstergeleen
188304;Wijk 04 Guttecoven
188305;Wijk 05 Geleen
188306;Wijk 06 Holtum-Born
188307;Wijk 07 Obbicht en Papenhoven
188400;Wijk 00 Roelofarendsveen
188401;Wijk 01 Overig Alkemade
188402;Wijk 02 Woubrugge
188403;Wijk 03 Rijnsaterwoude
188404;Wijk 04 Leimuiden
189100;Wijk 00 Centrum
189101;Wijk 01 Oost
189102;Wijk 02 Zuid
189103;Wijk 03 West
189201;Moerkapelle wijk 01
189202;Zevenhuizen wijk 02
189203;Moordrecht wijk 03
189204;Nieuwerkerk aan den IJssel wijk 04
189401;Panningen
189402;Kessel
189403;Maasbree
189404;Baarlo
189405;Meijel
189406;Koningslust
189407;Kessel-Eik
189408;Helden
189409;Grashoek
189410;Egchel
189411;Beringe
189500;Wijk 00 Winschoten
189501;Wijk 01 Finsterwolde
189502;Wijk 02 Drieborg
189503;Wijk 03 Beerta
189504;Wijk 04 Nieuw-Beerta
189505;Wijk 05 Nieuweschans
189506;Wijk 06 Scheemda-Heiligerlee
189507;Wijk 01 Westerlee
189508;Wijk 02 Noord
189509;Wijk 03 Midwolda
189510;Wijk 04 Nieuwolda
189599;Groot water
189600;Wijk 00 Genemuiden
189601;Wijk 01 Kamperzeedijk
189602;Wijk 02 Hasselt
189603;Wijk 03 Landelijk gebied Hasselt
189604;Wijk 04 Zwartsluis
189605;Wijk 05 Mastenbroek
189699;Groot water
190000;Wijk 00 Bolsward
190001;Wijk 01 Sneek
190002;Wijk 02 Nijefurd
190003;Wijk 03 Koudum
190004;Wijk 04 Hemelum
190005;Wijk 05 IJlst
190006;Wijk 06 Zuid IJlst
190007;Wijk 07 Oost IJlst
190008;Wijk 08 West IJlst
190009;Wijk 09 Oosthem
190010;Wijk 10 Noordwest IJlst
190011;Wijk 11 Zuidoost IJlst
190012;Wijk 12 Woudsend
190013;Wijk 13 Bouwhoek
190014;Wijk 14 Weidestreek Oost
190015;Wijk 15 Weidestreek West
190016;Wijk 16 Weidestreek Zuid
190017;Wijk 17 Makkum
190018;Wijk 18 Weidestreek Zuidwest
190019;Wijk 19 Boarnsterhim
190020;Wijk 20 Littenseradiel
190099;Groot water
190101;Bodegraven-Noord
190102;Bodegraven-Zuid
190103;Nieuwerbrug aan den Rijn
190104;Reeuwijk-Dorp
190105;Reeuwijk-Brug
190106;Driebruggen
190107;Waarder
190300;Wijk 00 Eijsden
190301;Wijk 01 Gronsveld
190302;Wijk 02 Margraten
190303;Wijk 03 Cadier en Keer
190304;Wijk 04 Sint Geertruid
190305;Wijk 05 Mheer - Noorbeek
190401;Wijk 01 Maarssen
190402;Wijk 02 Breukelen
190403;Wijk 03 Loenen aan de Vecht
190404;Wijk 04 Nieuwer Ter Aa
190405;Wijk 05 Kockengen
190406;Wijk 06 Vreeland
190407;Wijk 07 Tienhoven
190408;Wijk 08 Nigtevecht
190409;Wijk 09 Nieuwersluis
190410;Wijk 10 Loenersloot
190411;Wijk 11 Oud Zuilen
190412;Wijk 12 Maarssenbroek
191101;Anna Paulowna
191102;Breezand
191103;Wieringerwaard
191104;Westerland
191105;Hippolytushoef
191106;Den Oever
191107;Wieringerwerf
191108;Kreileroord
191109;Slootdorp
191110;Middenmeer
191111;Kolhorn
191112;Barsingerhorn
191113;Haringhuizen
191114;Lutjewinkel
191115;Winkel
191116;Nieuwe Niedorp
191117;'t Veld
191118;Zijdewind
191119;Oude Niedorp
191199;Groot water
191601;De Zijde / Duivenvoorde / Park Veursehout
191602;Prinsenhof
191603;'t Lien / De Rietvink
191604;Stompwijk
191605;Leidschendam - Zuid en omgeving
191606;De Heuvel / Amstelwijk
191607;Damsigt en omgeving
191608;Essesteijn
191609;Voorburg Midden
191610;Bovenveen
191611;Voorburg Noord
191612;Voorburg West / Park Leeuwenbergh
191613;Voorburg Oud
192400;Goedereede
192401;Ouddorp
192402;Stellendam
192403;Middelharnis
192404;Ooltgensplaat
192405;Den Bommel
192406;Oude-Tonge
192407;Dirksland
192408;Melissant
192409;Herkingen
192410;Sommelsdijk
192411;Nieuwe-Tonge
192412;Stad aan 't Haringvliet
192413;Achthuizen
192499;Groot water
192601;Pijnacker
192602;Nootdorp
192603;Delfgauw
193001;Centrum
193002;Schiekamp
193003;Hoogwerf
193004;Vierambachten
193005;De Hoek
193006;Gildenwijk
193007;Groenewoud
193008;Sterrenkwartier
193009;Schenkel
193010;De Elementen
193011;Vogelenzang
193012;De Akkers
193013;Vriesland
193014;Waterland
193015;Maaswijk
193016;Halfweg
193017;Buitengebied
193025;Heenvliet
193027;Geervliet
193029;Abbenbroek
193031;Zuidland
193033;Simonshaven
193050;Hekelingen
193099;Groot water
193100;Wijk 00 Lekkerkerk
193101;Wijk 01 Krimpen aan de Lek
193102;Wijk 02 Ouderkerk aan den IJssel
193103;Wijk 03 Gouderak
193104;Wijk 04 Bergambacht
193105;Wijk 05 Bergstoep
193106;Wijk 06 Ammerstol
193107;Wijk 07 Berkenwoude
193108;Wijk 08 Haastrecht
193110;Wijk 10 Stolwijk
193111;Wijk 11 Vlist
193112;Wijk 12 Schoonhoven
194001;Wijk 01 Akmarijp
194002;Wijk 02 Bakhuizen
194003;Wijk 03 Balk
194004;Wijk 04 Bantega
194005;Wijk 05 Boornzwaag
194006;Wijk 06 Broek
194007;Wijk 07 Delfstrahuizen
194008;Wijk 08 Dijken
194009;Wijk 09 Doniaga
194010;Wijk 10 Echten
194011;Wijk 11 Echtenerbrug
194012;Wijk 12 Eesterga
194013;Wijk 13 Elahuizen
194014;Wijk 14 Follega
194015;Wijk 15 Goingarijp
194016;Wijk 16 Harich
194017;Wijk 17 Haskerhorne
194018;Wijk 18 Idskenhuizen
194019;Wijk 19 Joure
194020;Wijk 20 Kolderwolde
194021;Wijk 21 Langweer
194022;Wijk 22 Legemeer
194023;Wijk 23 Lemmer
194024;Wijk 24 Mirns
194025;Wijk 25 Nijehaske
194026;Wijk 26 Nijemirdum
194027;Wijk 27 Oldeouwer
194028;Wijk 28 Oosterzee
194029;Wijk 29 Oudega
194030;Wijk 30 Oudehaske
194031;Wijk 31 Oudemirdum
194032;Wijk 32 Ouwsterhaule
194033;Wijk 33 Ouwster-Nijega
194034;Wijk 34 Rijs
194035;Wijk 35 Rohel
194036;Wijk 36 Rotstergaast
194037;Wijk 37 Rotsterhaule
194038;Wijk 38 Rottum
194039;Wijk 39 Ruigahuizen
194040;Wijk 40 Scharsterbrug
194041;Wijk 41 Sint Nicolaasga
194042;Wijk 42 Sinjohannesga
194043;Wijk 43 Sloten
194044;Wijk 44 Snikzwaag
194045;Wijk 45 Sondel
194046;Wijk 46 Terherne
194047;Wijk 47 Terkaple
194048;Wijk 48 Teroele
194049;Wijk 49 Tjerkgaast
194050;Wijk 50 Vegelinsoord
194051;Wijk 51 Wijckel
194099;Groot water
194200;Bussum Centrum
194201;Brediuskwartier
194202;Eng
194203;Spiegel
194204;Muiden
194205;Naarden
194299;Groot water
194500;Beek
194501;Berg en Dal
194502;Breedeweg
194503;De Horst
194504;Erlecom
194505;Groesbeek
194506;Heilig Landstichting
194507;Kekerdom
194508;Leuth
194509;Millingen aan de Rijn
194510;Ooij
194511;Persingen
194512;Ubbergen
194801;Erp
194802;Schijndel
194803;Sint-Oedenrode
194804;Veghel
194915;Achlum
194916;St.-Annaparochie
194917;Baaium
194918;Berltsum
194919;Bitgum
194920;Bitgummole
194921;Blessum
194922;Boer
194923;Boksum
194924;Deinum
194925;Dongjum
194926;Dronryp
194927;Firdgum
194928;Franeker
194929;Herbaijum
194930;Hitzum
194931;Ingelum
194932;St.-Jacobiparochie
194933;Klooster Lidlum
194934;Marsum
194935;Menaam
194936;Minnertsga
194937;Nij Altoenae
194938;Oosterbierum
194939;Oudebildtzijl
194940;Peins
194941;Pietersbierum
194942;Ried
194943;Schalsum
194944;Sexbierum
194945;Skingen
194946;Slappeterp
194947;Spannum
194948;Tzum
194949;Tzummarum
194950;Vrouwenparochie
194951;Westhoek
194952;Wier
194953;Winsum
194954;Wjelsryp
194955;Zweins
194999;Groot water
195000;Wijk 00 Bellingwolde
195001;Wijk 01 Oost
195002;Wijk 02 Blijham
195003;Wijk 03 Sellingen
195004;Wijk 04 Vlagtwedde
195005;Wijk 05 Bourtange
195006;Wijk 06 Sellingerbeetse
195007;Wijk 07 Ter Apel
195008;Wijk 08 Ter Wisch
195009;Wijk 09 de Maten
195201;Foxham en Hoogezand-Noord
195202;Hoogezand-Zuid
195203;Kalkwijk
195204;Sappemeer
195205;Kiel-Windeweer
195206;Kropswolde
195207;Foxhol
195208;Westerbroek en Waterhuizen
195209;Harkstede, Scharmer en Woudbloem
195210;Kolham
195211;Froombosch
195212;Slochteren
195213;Schildwolde
195214;Hellum
195215;Siddeburen
195216;Eemskanaal-Zuid
195217;Tjuchem en Steendam
195218;Muntendam
195219;Noordbroek
195220;Zuidbroek
195221;Meeden
195400;Wijk 00 Onderbanken
195401;Wijk 01 Nuth
195402;Wijk 02 Wijnandsrade
195403;Wijk 03 Hulsberg
195404;Wijk 04 Schimmert
195405;Wijk 05
195406;Wijk 06 Amstenrade - Oirsbeek
195500;Wijk 00 's-Heerenberg
195501;Wijk 01 Brakel
195502;Wijk 02 Didam
195901;Werkendam
195902;Sleeuwijk
195903;Nieuwendijk
195904;Hank
195905;Dussen
195906;Woudrichem
195907;Rijswijk (NB)
195908;Uitwijk
195909;Waardhuizen
195910;Giessen
195911;Andel
195912;Almkerk
195913;Veen
195914;Wijk en Aalburg
195915;Babyloniënbroek
195916;Meeuwen
195917;Eethen
195918;Drongelen
195919;Genderen
196000;Geldermalsen
196001;Deil
196002;Beesd
196003;Buurmalsen
196004;Meteren
196005;Haaften
196006;Waardenburg en Opijnen
196007;Varik en Ophemert
196008;Asperen
196009;Heukelum
196010;Vuren
196011;Herwijnen
196101;Tienhoven aan de Lek
196102;Tienhoven aan de Lek buitengebied
196103;Ameide
196104;Ameide buitengebied
196105;Meerkerk
196106;Meerkerk buitengebied
196107;Lexmond
196108;Lexmond buitengebied
196109;Nieuwland
196110;Nieuwland buitengebied
196111;Leerbroek
196112;Leerbroek buitengebied
196113;Kedichem
196114;Kedichem buitengebied
196115;Hei- en Boeicop
196116;Hei- en Boeicop buitengebied
196117;Oosterwijk
196118;Amaliastein
196119;Monnikenhof
196120;Vianen bedrijventerrein
196121;Vianen centrum
196122;De Hagen
196123;Vianen buitengebied
196124;Leerdam-West
196125;Leerdam-Noord
196126;Leerdam centrum
196127;Leerdam-Oost
196128;Nieuw Schaik
196129;Leerdam buitengebied
196130;Schoonrewoerd
196131;Schoonrewoerd buitengebied
196132;Zijderveld
196133;Zijderveld buitengebied
196134;Hagestein
196135;Hagestein buitengebied
196136;Hoef en Haag
196137;Everdingen
196138;Everdingen buitengebied
196139;Ossenwaard
196300;Wijk 00 Oud-Beijerland
196301;Wijk 01 Heinenoord
196302;Wijk 02 Mijnsheerenland
196303;Wijk 03 Westmaas
196304;Wijk 04 Puttershoek
196305;Wijk 05 Maasdam
196306;Wijk 06 's-Gravendeel
196307;Wijk 07 Strijen
196308;Wijk 08 Klaaswaal
196309;Wijk 09 Numansdorp
196310;Wijk 10 Zuid-Beijerland
196311;Wijk 11 Goudswaard
196312;Wijk 12 Piershil
196313;Wijk 13 Nieuw-Beijerland
196399;Groot water
196601;Ulrum
196602;Leens
196603;Kloosterburen
196604;Oude Land
196605;Sauwerd
196606;Winsum
196607;Baflo
196608;Bedum
196609;Warffum
196610;Kantens
196611;Usquert
196612;Uithuizen
196613;Uithuizermeeden
196614;Eemshavengebied
196699;Groot water
196900;Wijk 00 Grootegast
196901;Wijk 01 Lutjegast
196902;Wijk 02 Opende
196903;Wijk 03 Oldekerk
196904;Wijk 04 Leek
196905;Wijk 05 Zevenhuizen
196906;Wijk 06 Tolbert
196907;Wijk 07 Midwolde
196908;Wijk 08 Lettelbert
196909;Wijk 09 Oostwold
196910;Wijk 10 Enumatil
196911;Wijk 11 Marum
196912;Wijk 12 De Wilp
196913;Wijk 13
196914;Wijk 14
196915;Wijk 15
196916;Wijk 16
196917;Wijk 17
196999;Groot water
197000;Dokkum
197001;Metslawier
197002;Ee - Zuidoost
197003;Anjum - Noordoost
197004;Oosternijkerk - Noordwest
197005;Ternaard
197006;Holwerd
197007;Hantum
197008;Wijk 08 Bouwstreek
197009;Wijk 09 Zuidwest
197010;Wijk 10
197011;Wijk 11 Kollum
197012;Wijk 12 Oost
197013;Wijk 13 Noordwest
197014;Wijk 14 Zuidwest
197099;Groot water
197801;Wijk01-Arkel
197802;Wijk02-Bleskensgraaf ca
197803;Wijk03-Brandwijk
197804;Wijk04-Giessenburg
197805;Wijk05-Goudriaan
197806;Wijk06-Groot-Ammers
197807;Wijk07-Hoogblokland
197808;Wijk08-Hoornaar
197809;Wijk09-Kinderdijk
197810;Wijk10-Langerak
197811;Wijk11-Molenaarsgraaf
197812;Wijk12-Nieuw-Lekkerland
197813;Wijk13-Nieuwpoort
197814;Wijk14-Noordeloos
197815;Wijk15-Ottoland
197816;Wijk16-Oud-Alblas
197817;Wijk17-Schelluinen
197818;Wijk18-Streefkerk
197819;Wijk19-Waal
197820;Wijk20-Wijngaarden
197901;Delfzijl-Centrum
197902;West
197903;Farmsum
197904;Tuikwerd
197905;Fivelzigt
197906;Noord
197907;Buitengebied Noord-Bierum
197908;Oosterhorn
197909;Buitengebied Zuid-Termunten
197910;Tussengebied
197911;Appingedam-Centrum
197912;Appingedam-Oost
197913;Appingedam-West
197914;Buitengebied Noord-Appingedam
197915;Buitengebied Zuid-Appingedam
197916;Buitengebied Noord-Loppersum
197917;Buitengebied Noord-Stedum
197918;Buitengebied Noord-Middelstum
197919;Buitengebied Noord-'t Zandt
197999;Groot water
198001;Oudkarspel
198002;Noord-Scharwoude
198003;Zuid-Scharwoude
198004;Broek op Langedijk
198005;Sint-Pancras
198006;Koedijk
198010;Schrijverswijk
198011;Schilderswijk
198012;Planetenwijk
198013;Bomen- Recreatiewijk
198014;Heemradenwijk
198015;Edelstenenwijk
198016;Molenwijk
198017;Rivierenwijk
198018;Stadshart
198019;Broekhorn
198020;Bedrijventerrein Heerhugowaard
198021;Butterhuizen
198022;Oostertocht
198023;Zuidwijk
198024;Huygenhoek
198025;Stad van de Zon
198026;De Draai
198027;De Noord
198028;'t Kruis
198201;Velp
198202;Grave
198203;Escharen
198204;Gassel
198205;Linden
198206;Katwijk
198207;Beers
198208;Cuijk
198209;Langenboom
198210;Mill
198211;Vianen
198212;Sint Agatha
198213;Haps
198214;Oeffelt
198215;Sint Hubert
198216;Wilbertoord
198217;Wanroij
198218;Rijkevoort
198219;Beugen
198220;Landhorst
198221;Ledeacker
198222;Boxmeer
198223;Sint Anthonis
198224;Sambeek
198225;Oploo
198226;Stevensbeek
198227;Vortum-Mullem
198228;Groeningen
198229;Westerbeek
198230;Overloon
198231;Vierlingsbeek
198232;Holthees
198233;Maashees
199101;Uden
199102;Volkel
199103;Odiliapeel
199104;Schaijk
199105;Reek
199106;Zeeland
199200;Hellevoet
199201;Nieuw-Helvoet
199202;Nieuwenhoorn
199203;De Struyten
199204;De Kooistee
199205;Den Bonsen Hoek
199206;Ravense Hoek
199207;Centrumgebied
199208;Kickers Bloem
199209;Buitengebied
199210;Oudenhoorn
199220;Rockanje
199221;Oostvoorne
199230;Brielle
199231;Vierpolders
199232;Zwartewaal
199233;Recreatiestrook Brielse Maas
199299;Groot water
0363AA;Haarlemmerbuurt
0363AB;Jordaan
0363AC;Grachtengordel-West
0363AD;Burgwallen-Nieuwe Zijde
0363AE;Burgwallen-Oude Zijde
0363AF;Nieuwmarkt/Lastage
0363AG;Grachtengordel-Zuid
0363AH;De Weteringschans
0363AJ;Weesperbuurt/Plantage
0363AK;Oostelijke Eilanden/Kadijken
0363BA;Havens-West
0363BB;Coenhaven/Minervahaven
0363EA;Sloterdijk-West
0363EB;Spaarndammerbuurt/Zeeheldenbuurt
0363EC;Houthavens
0363ED;De Kolenkit
0363EE;Landlust
0363EF;Erasmuspark
0363EG;Centrale Markt
0363EH;Staatsliedenbuurt
0363EJ;Frederik Hendrikbuurt
0363EK;Van Galenbuurt
0363EL;Geuzenbuurt
0363EM;Hoofdweg e.o.
0363EN;Chassébuurt
0363EP;Bellamybuurt
0363EQ;Da Costabuurt
0363ER;Westindische Buurt
0363ES;Van Lennepbuurt
0363ET;Overtoomse Sluis
0363EU;Helmersbuurt
0363EV;Vondelparkbuurt
0363FA;Sloterdijk Nieuw-West
0363FB;Geuzenveld
0363FC;Slotermeer-West
0363FD;Slotermeer-Noordoost
0363FE;Slotermeer-Zuidoost
0363FF;Lutkemeer/Ookmeer
0363FG;De Aker
0363FH;De Punt
0363FJ;Osdorp-Midden
0363FK;Osdorp-Oost
0363FL;Slotervaart-Noord
0363FM;Overtoomse Veld
0363FN;Slotervaart-Zuid
0363FP;Westlandgracht
0363FQ;Sloten/Nieuw-Sloten
0363KA;Hoofddorppleinbuurt
0363KB;Schinkelbuurt
0363KC;Willemspark
0363KD;Museumkwartier
0363KE;Oude Pijp
0363KF;Nieuwe Pijp
0363KG;Zuid Pijp
0363KH;Stadionbuurt
0363KJ;Apollobuurt
0363KK;Scheldebuurt
0363KL;IJselbuurt
0363KM;Rijnbuurt
0363KN;Prinses Irenebuurt e.o.
0363KP;Zuidas
0363KQ;Buitenveldert-West
0363KR;Buitenveldert-Oost
0363MA;Oostelijk Havengebied
0363MB;Weesperzijde
0363MC;Oosterparkbuurt
0363MD;Transvaalbuurt
0363ME;Dapperbuurt
0363MF;Indische Buurt-West
0363MG;Indische Buurt-Oost
0363MH;Zeeburgereiland/Bovendiep
0363MJ;IJburg-West
0363MK;IJburg-Oost
0363ML;IJburg-Zuid
0363MM;Frankendael
0363MN;Middenmeer
0363MP;Betondorp
0363MQ;Omval/Overamstel
0363NA;Oostzanerwerf
0363NB;Noordelijke IJ-oevers-West
0363NC;Tuindorp Oostzaan
0363ND;Kadoelen
0363NE;Banne Buiksloot
0363NF;Nieuwendammerdijk/Buiksloterdijk
0363NG;Elzenhagen
0363NH;Buikslotermeer
0363NJ;Waterlandpleinbuurt
0363NK;Volewijck
0363NL;IJplein/Vogelbuurt
0363NM;Tuindorp Buiksloot
0363NN;Tuindorp Nieuwendam
0363NP;Noordelijke IJ-oevers-Oost
0363NQ;Waterland
0363SA;Driemond
0363SB;Bloemendalerpolder
0363SC;Weesp-Noordwest
0363SD;Weesp Binnenstad/Zuid
0363SE;Aetsveld/Oostelijke Vechtoever
0363TA;Amstel III/Bullewijk
0363TB;Venserpolder
0363TC;Amsterdamse Poort e.o.
0363TD;H-buurt
0363TE;Ganzenhoef e.o.
0363TF;Geerdinkhof/Kantershof
0363TG;Bijlmermuseum
0363TH;K-buurt
0363TJ;Holendrecht
0363TK;Nellestein
0363TL;Reigersbos
0363TM;Gein
